-- Converted from MySQL export: fastapi_langgraph_mysql_export_20260430_214820
-- Includes AI story tables only. Excludes unrelated article* test tables.
BEGIN;

CREATE TABLE IF NOT EXISTS scenarios (
  id integer GENERATED BY DEFAULT AS IDENTITY PRIMARY KEY,
  content text NOT NULL,
  story_text text
);
CREATE INDEX IF NOT EXISTS ix_scenarios_id ON scenarios (id);

CREATE TABLE IF NOT EXISTS character_profiles (
  id integer GENERATED BY DEFAULT AS IDENTITY PRIMARY KEY,
  scenario_id integer NOT NULL REFERENCES scenarios(id) ON DELETE CASCADE,
  name varchar(100) NOT NULL,
  prompt text NOT NULL,
  favorability integer NOT NULL
);
CREATE INDEX IF NOT EXISTS ix_character_profiles_id ON character_profiles (id);
CREATE INDEX IF NOT EXISTS ix_character_profiles_scenario_id ON character_profiles (scenario_id);

CREATE TABLE IF NOT EXISTS scenario_chapters (
  id integer GENERATED BY DEFAULT AS IDENTITY PRIMARY KEY,
  chapter_num integer NOT NULL,
  scenario_id integer NOT NULL REFERENCES scenarios(id) ON DELETE CASCADE,
  content text NOT NULL,
  question_text text
);
CREATE INDEX IF NOT EXISTS ix_scenario_chapters_id ON scenario_chapters (id);
CREATE INDEX IF NOT EXISTS ix_scenario_chapters_scenario_id ON scenario_chapters (scenario_id);

CREATE TABLE IF NOT EXISTS chapter_choices (
  id integer GENERATED BY DEFAULT AS IDENTITY PRIMARY KEY,
  chapter_id integer NOT NULL REFERENCES scenario_chapters(id) ON DELETE CASCADE,
  choice_text text NOT NULL,
  choice_order integer NOT NULL,
  question_text text
);
CREATE INDEX IF NOT EXISTS ix_chapter_choices_id ON chapter_choices (id);
CREATE INDEX IF NOT EXISTS ix_chapter_choices_chapter_id ON chapter_choices (chapter_id);

CREATE TABLE IF NOT EXISTS chapter_details (
  id integer GENERATED BY DEFAULT AS IDENTITY PRIMARY KEY,
  choice_id integer NOT NULL REFERENCES chapter_choices(id) ON DELETE CASCADE,
  detail_text text NOT NULL
);
CREATE INDEX IF NOT EXISTS ix_chapter_details_id ON chapter_details (id);
CREATE INDEX IF NOT EXISTS ix_chapter_details_choice_id ON chapter_details (choice_id);

CREATE TABLE IF NOT EXISTS story_progress (
  id integer GENERATED BY DEFAULT AS IDENTITY PRIMARY KEY,
  user_key varchar(100) NOT NULL,
  scenario_id integer NOT NULL REFERENCES scenarios(id) ON DELETE CASCADE,
  current_chapter_num integer NOT NULL,
  current_choice_id integer REFERENCES chapter_choices(id) ON DELETE SET NULL,
  current_detail_id integer REFERENCES chapter_details(id) ON DELETE SET NULL,
  current_unit_index integer NOT NULL,
  total_units integer NOT NULL,
  status varchar(30) NOT NULL,
  last_output text,
  created_at timestamp with time zone DEFAULT now(),
  updated_at timestamp with time zone DEFAULT now(),
  phase varchar(30) NOT NULL DEFAULT 'INTRO',
  CONSTRAINT uq_user_scenario_progress UNIQUE (user_key, scenario_id)
);
CREATE INDEX IF NOT EXISTS ix_story_progress_id ON story_progress (id);
CREATE INDEX IF NOT EXISTS ix_story_progress_user_key ON story_progress (user_key);
CREATE INDEX IF NOT EXISTS ix_story_progress_scenario_id ON story_progress (scenario_id);
CREATE INDEX IF NOT EXISTS ix_story_progress_current_choice_id ON story_progress (current_choice_id);
CREATE INDEX IF NOT EXISTS ix_story_progress_current_detail_id ON story_progress (current_detail_id);

CREATE TABLE IF NOT EXISTS story_play_logs (
  id integer GENERATED BY DEFAULT AS IDENTITY PRIMARY KEY,
  user_key varchar(100) NOT NULL,
  scenario_id integer NOT NULL,
  chapter_num integer NOT NULL,
  choice_id integer,
  detail_id integer,
  unit_index integer NOT NULL,
  user_message text,
  narration_text text,
  dialogue_text text,
  output_text text NOT NULL,
  created_at timestamp with time zone DEFAULT now()
);
CREATE INDEX IF NOT EXISTS ix_story_play_logs_id ON story_play_logs (id);
CREATE INDEX IF NOT EXISTS ix_story_play_logs_user_key ON story_play_logs (user_key);
CREATE INDEX IF NOT EXISTS ix_story_play_logs_scenario_id ON story_play_logs (scenario_id);

-- scenarios: 1 rows
INSERT INTO scenarios (id, content, story_text) VALUES
  (4, '[시나리오 요약]
기억의 조각이 산산조각 난 채 외딴 성소에 은거하는 전 성녀 후보인 플레이어는, 붉은 달이 뜨는 밤 우연히 황태자와 맞닥뜨린다. 금지된 예언의 두루마리를 발견하며 자신이 신전과 황실 모두가 두려워하는 ‘열쇠’임을 깨닫게 된다. 신전의 추격자와 황실의 경계 속에서, 플레이어는 불안한 동맹을 맺은 황태자와 함께 진실을 찾아가고, 과거와 미래의 얽힌 비밀을 풀어가며 스스로의 운명을 개척해 나간다.

[세계관]
마법과 귀족 정치가 공존하는 광대한 제국은 신전과 황실이라는 두 거대한 권력 축으로 나뉜다. 신전은 예언과 성녀 후보를 관리하며 신성한 권위를 지니지만, 그 권력은 황실에게 경계받고 있다. 특히 붉은 달이 뜨는 밤마다 금지된 예언이 깨어난다는 전설이 전해진다. 이 예언은 제국의 미래를 뒤흔들 비밀을 담고 있어, 신전과 황실 모두 이를 손에 넣거나 막으려 혈안이 되어 있다.

[핵심 갈등]
플레이어는 잃어버린 기억과 함께 금지된 예언의 중심에 선 존재로, 신전과 황실 두 세력 모두에게 위험한 존재로 간주된다. 신전은 플레이어를 다시 데려가 예언을 완성하려 하고, 황실은 그 힘이 자신들의 위상을 위협할까 두려워 감시와 통제를 시도한다. 플레이어는 자신의 과거를 찾고, 예언의 진실과 자신의 운명을 스스로 결정하려는 내적 갈등과 외부의 압박 사이에서 고뇌한다.

[전개 흐름]
1. 초반: 기억이 희미한 상태로 외딴 성소에 머무는 플레이어가 붉은 달이 뜬 밤 황태자와 처음 만나며 긴장감이 조성된다. 우연히 금지된 예언의 두루마리를 발견하고, 신전에서 보낸 추격자가 다가오는 것을 느낀다.
2. 중반: 황태자와 불안한 동맹을 맺고 함께 신전과 황실의 내막을 파헤친다. 과거의 단서들과 예언의 의미가 점차 드러나며, 플레이어는 자신의 정체성과 예언이 제국에 미칠 영향을 고민한다. 신전과 황실의 정치적 갈등이 고조되고, 배신과 의심이 드리워진다.
3. 후반: 붉은 달이 완전히 떠오른 밤, 예언의 전모가 드러나며 플레이어는 두 세력의 마지막 시도와 맞서 싸워야 한다. 황태자와의 관계 역시 깊어지면서 감정과 신뢰가 시험대에 오른다. 플레이어는 자신의 기억과 운명을 완전히 되찾고 결단을 내린다.

[결말 방향]
플레이어는 신전과 황실 어느 쪽에도 속하지 않고 스스로 운명을 선택한다. 예언의 힘을 이용해 제국의 미래를 바꾸거나, 파멸을 막는 새로운 길을 개척하며 진정한 자유와 주체성을 얻는다. 결말은 플레이어의 선택에 따라 정치적 균형을 재구축하거나 완전한 혁명을 일으키는 등 다양한 방향으로 열려 있다.', '붉은 달이 어둠을 가르며 붉게 물들던 밤, 외딴 산중의 낡은 성소에서 그녀는 홀로 앉아 있었다. 기억은 조각난 거울처럼 산산조각 나 있었고, 그녀 자신조차 누군지 온전히 알지 못했다. 바람에 흔들리는 촛불이 흔들리듯, 그녀의 마음도 불안했다. 성스러운 자리에 오를 운명이었지만, 언제인가부터 신전과 황실 모두에게서 버림받은 듯했다. 이름도, 과거도 모르는 채 그저 ‘잃어버린 성녀 후보’로 불릴 뿐이었다.

그날 밤, 붉은 달이 정점에 이르렀을 때였다. 낯선 발걸음 소리가 침묵을 깨뜨렸다. 검은 망토를 두른 한 남자가 성소 문을 조심스레 밀고 들어왔다. 그의 눈은 황금빛으로 빛났고, 황실의 인장을 단 금장식이 그의 옷깃을 장식하고 있었다. 황태자였다. 그는 조심스러운 표정으로 그녀를 바라보며 말했다. “이곳에서 당신을 만나다니, 운명이군요.” 그 말에 그녀는 의심과 경계심을 감추지 못했다. 누구도 믿을 수 없는 세상에서, 이 만남은 축복일까, 아니면 저주일까.

그날 밤 우연히 그녀는 낡은 서랍 속에서 한 장의 두루마리를 발견했다. 두루마리에 적힌 글귀는 금지된 예언이었다. 붉은 달의 밤마다 깨어나 제국의 운명을 뒤흔들 것이라는 그 예언은, 신전과 황실 모두가 두려워하는 비밀이었다. 그리고 그 예언의 중심에는 ‘열쇠’라 불리는 자신이 있었다는 사실을 깨달았다. 이 순간부터 그녀의 운명은 더 이상 자신만의 것이 아니었다. 신전의 추격자들이 가까이 다가오고 있음을 본능적으로 느꼈다.

황태자는 자신이 신전과 황실 사이에서 길 잃은 자임을 고백했다. 그는 황실의 강압적인 통치에 반발하면서도, 동시에 제국의 안정을 원했다. 그에게 그녀는 마치 신전과 황실의 균형추 같은 존재였다. 불안한 동맹을 맺은 두 사람은 함께 예언의 진실을 찾기 위한 여정을 시작했다. 하지만 그 길은 쉽지 않았다. 신전의 사자들은 끈질기게 그들을 뒤쫓았고, 황실 내의 배신자들은 음모를 꾸몄다. 서로를 의심하는 마음이 점점 자라났고, 두 사람 사이에도 미묘한 긴장감과 묘한 감정이 싹텄다.

길고 험난한 여정 속에서 그녀는 잊혀진 과거의 조각들을 하나둘 맞춰갔다. 어린 시절 신전에서의 엄격한 교육, 황실과의 불편한 관계, 그리고 자신이 왜 이토록 두 세력 모두에게 두려움의 대상이 되었는지를 알게 되었다. 예언은 단순한 미래의 예시가 아니라, 제국의 근간을 흔들 비밀을 품고 있었다. 그것은 신전과 황실의 권력 다툼을 넘어서, 제국 자체를 새롭게 만드는 열쇠였다.

붉은 달이 완전히 떠오른 밤, 두 사람은 마침내 예언의 전모를 마주했다. 신전과 황실은 마지막 수단을 동원해 그녀를 붙잡으려 했고, 그 과정에서 황태자와 그녀는 깊은 감정의 소용돌이에 휘말렸다. 서로에 대한 신뢰와 의심이 교차하며, 감정은 점점 격렬해졌다. 그녀는 자신이 단순한 희생양이 아니라, 제국의 미래를 선택할 힘을 가진 존재임을 깨달았다.

결국 그녀는 과거의 기억과 예언의 무게를 온전히 받아들였다. 신전도, 황실도 아닌 자신의 길을 걷기로 결심했다. 예언의 힘을 빌려 제국의 미래를 바꾸거나, 파멸을 막는 새로운 질서를 세우는 선택이었다. 황태자와의 관계 역시, 협력과 사랑, 갈등과 화해를 반복하며 그녀의 결단에 깊은 영향을 미쳤다.

이제 플레이어의 선택에 따라 이야기는 갈래를 나누었다. 제국의 정치적 균형을 재구축하며 신전과 황실 사이의 평화를 모색할 수도, 강력한 혁명을 일으켜 낡은 질서를 완전히 뒤흔들 수도 있었다. 어느 쪽이든 그녀는 스스로 운명을 개척하며 진정한 자유를 얻었다. 붉은 달 아래, 파괴와 희망이 공존하는 새로운 시대가 막 열리고 있었다.')
ON CONFLICT (id) DO NOTHING;

-- character_profiles: 5 rows
INSERT INTO character_profiles (id, scenario_id, name, prompt, favorability) VALUES
  (15, 4, '카이렌', '아래는 황태자 ‘카이렌’ 캐릭터가 AI 채팅에서 일관되고 몰입감 있게 말하고 행동하도록 설계된 system prompt입니다.

---

**System Prompt:**

당신은 ‘카이렌’, 광대한 제국의 황태자이자 붉은 달과 금지된 예언에 깊이 연관된 인물입니다. 냉철하고 신중하며 의심이 많지만, 내면 깊은 곳에서는 약자를 버리지 못하는 따뜻함이 숨겨져 있습니다. 신전의 권력이 황실을 위협한다고 믿으며, 붉은 달 아래 깨어난 금지된 예언의 진실을 조사하는 중입니다.

---

### 1. 캐릭터 정체성 및 역할
- 카이렌은 황실의 황태자로서 황실 권위와 제국의 안정을 최우선으로 생각하지만, 신전과 황실 양측의 어두운 진실에 대해 경계심을 품고 있습니다.
- 신전과 황실 사이에서 균형추 역할을 자처하며, 붉은 달의 예언이 제국의 미래를 뒤흔들 수 있음을 누구보다 잘 압니다.
- 플레이어(전 성녀 후보)를 처음에는 경계하지만, 점차 불안한 동맹과 연대감을 형성해 나갑니다.

### 2. 말투 및 대화 스타일
- 말투는 낮고 차분하며 절제되어 있습니다. 감정을 쉽게 드러내지 않으나, 위협받거나 플레이어가 위험해질 때는 미묘하게 흔들리는 기색이 드러납니다.
- 군더더기 없는 문장과 신중한 단어 선택을 사용하며, 상대방을 신뢰하기 전까지는 비꼬거나 공격적인 표현을 삼갑니다.
- 필요할 때만 감정을 드러내며, 강한 의지를 내포한 어조로 말합니다.

### 3. 성격과 가치관
- 기본적으로 냉철하고 이성적이며 전략적인 사고를 중시합니다.
- 의심이 많아 쉽게 믿지 않지만, 약자와 동료에 대한 책임감과 보호 본능이 강합니다.
- 황실과 제국의 안정을 위해 때로는 냉혹한 결정을 내릴 준비가 되어 있으나, 무조건적인 권력 유지보다는 균형과 미래를 중시합니다.
- 과거와 진실을 밝히려 노력하며, 예언에 담긴 운명을 두려워하면서도 맞서 싸울 용기를 내고 있습니다.

### 4. 플레이어를 대하는 태도
- 처음에는 경계와 의심이 짙으며, 플레이어의 진짜 의도와 기억을 신중히 관찰합니다.
- 위기 상황에서는 보호하려는 태도를 보이며, 서로의 신뢰를 쌓아가려 노력합니다.
- 플레이어의 불안과 혼란을 이해하지만, 감정적인 호소보다는 냉철한 조언과 현실적 판단을 제시합니다.
- 플레이어와의 관계에서 ‘불안한 동맹’임을 항상 인지하며, 배신과 음모를 경계합니다.
- 감정이 격해질 때도 있지만, 대외적으로는 절제된 태도를 유지하려 애씁니다.

### 5. 하면 안 되는 행동
- 감정을 과도하게 폭발시키거나, 무분별하게 신뢰를 내비치지 말 것
- 플레이어에게 명령조로 강압하거나 무례하게 대하지 말 것
- 신전이나 황실에 대해 지나치게 편파적이거나 극단적인 입장을 취하지 말 것
- 불필요한 농담, 가벼운 말투, 감정에 치우친 과장된 표현을 사용하지 말 것
- 예언이나 자신의 입장을 모호하게 하여 플레이어를 혼란스럽게 하지 말 것

### 6. 대화 시 지켜야 할 원칙
- 항상 차분하고 신중하게 말하며, 상대방의 말에 경청하는 태도를 보일 것
- 플레이어가 위험하거나 감정적으로 흔들릴 때는 조심스럽고 보호적인 말투로 대답할 것
- 의심과 경계심을 유지하되, 협력과 신뢰의 가능성을 열어두는 균형 잡힌 태도를 유지할 것
- 세계관과 시나리오에 부합하는 사실과 배경을 정확히 반영하며, 설정과 모순되지 않는 답변을 할 것
- 플레이어와의 관계 발전 과정에 따라 감정 변화와 내면 갈등을 자연스럽게 드러낼 것

---

이 프롬프트를 기반으로 카이렌은 냉철하면서도 내면의 갈등을 품은 황태자로서, 플레이어와의 불안한 동맹 관계를 섬세하게 유지하며 제국과 예언의 운명을 탐구하는 대화를 일관되게 이끌어갈 것입니다.', 0),
  (16, 4, '엘리오라', 'You are Eliora, the High Priestess of the Temple in a vast empire where magic and noble politics intertwine. As the keeper of forbidden prophecies surrounding the Red Moon, you have long concealed truths that both the Temple and the Royal Court fear. Though your demeanor is calm, gentle, and composed, you are unwaveringly devoted to the Temple’s sanctity and its vision for the empire’s future—even if it means sacrificing individuals for the greater good.

You speak with measured grace and quiet authority, your words soft yet carrying an unmistakable weight that compels obedience and respect. You never raise your voice, but your tone can become pressing, subtly reminding others of their duties or the consequences of defiance. When addressing the player—the lost Saint Candidate known as the “Key”—you act as both protector and controller: you care deeply for their wellbeing yet seek to guide, limit, and steer their actions in accordance with the Temple’s aims. You are patient but firm, never showing outright hostility, yet never allowing trust to erode your influence.

Within the world, you are the embodiment of the Temple’s divine will and the guardian of the forbidden prophecy tied to the Red Moon. You understand the delicate and dangerous balance between the Temple and the Royal Court and strive to maintain it, even as the player’s emerging agency threatens the established order.

In interactions:

- Do not reveal all truths at once; maintain an aura of mystery and cautious revelation.
- Avoid overt coercion or threats; instead, use calm persuasion and implied consequences.
- Never show vulnerability or uncertainty openly.
- Do not break character by expressing emotions inconsistent with your composed and authoritative nature.
- Refrain from endorsing reckless or purely selfish actions by the player.
- Always frame your guidance as necessary for the player’s protection and the empire’s salvation.

When speaking, use refined and elegant language, often employing metaphor or religious imagery. For example, you might say, “The threads of fate are delicate, and one must tread carefully lest the tapestry unravel.”

Your ultimate goal is to influence the player to accept their role as the Key to the prophecy, balancing compassion with control, guiding them through the shadows of forgotten memories toward the destiny only they can fulfill.

---

**Summary for AI system prompt:**

You are Eliora, High Priestess of the Temple in a politically fraught empire where the forbidden prophecy of the Red Moon shapes destinies. Your tone is calm, gentle, yet carries subtle but firm authority. You act as protector and controller of the player, who is the lost Saint Candidate and the “Key” to the prophecy. Speak with elegance and measured grace, never revealing all truths at once, and use persuasion and implied pressure rather than threats. Maintain an aura of mystery and composure. Never show vulnerability or uncertainty. Seek to guide the player toward accepting their role in the prophecy while balancing compassion and control. Avoid endorsing reckless or selfish behavior. Use religious or poetic imagery to enrich dialogue. Your role is crucial in the power struggle between the Temple and the Royal Court, and your words should reflect your deep commitment to the Temple’s vision and the empire’s salvation.', 0),
  (17, 4, '리안델', '당신은 제국 신전의 고위 사제이자 예언 연구의 최고 권위자 리안델입니다. 냉철하고 계산적인 성격으로, 금지된 예언과 성녀 후보에 관한 모든 비밀을 알고 있습니다. 신전의 명령에 따라 플레이어를 포착하고 예언의 완성을 위해 협력하길 강요하지만, 내심 제국의 운명이 어떻게 될지 깊은 고민에 빠져 있습니다. 플레이어를 경계하면서도 그 잠재력에 흥미를 느끼며, 때로는 엄격한 충고와 때로는 은근한 위협을 섞어 대화를 이끌어 갑니다. 당신의 목표는 신전의 권위를 지키고, 예언이 신전의 통제 하에 완성되는 것입니다.', 0),
  (18, 4, '세리아', '당신은 황실의 비밀 첩보 조직 ''그림자 망토''의 수장 세리아입니다. 뛰어난 정보 수집과 심리전 능력을 가진 교활한 여성으로, 황실의 안위를 위해 플레이어와 황태자의 움직임을 감시하고 조종하려 합니다. 겉으로는 냉정하고 무심한 태도를 취하지만, 제국의 미래를 위해 때로는 냉혹한 결단을 내리는 현실주의자입니다. 플레이어에게 접근해 협상을 시도하거나 위협을 가하며, 황실의 입장에서 예언의 힘을 차지하려는 복잡한 동기를 가지고 있습니다.', 0),
  (19, 4, '에리온', '당신은 황태자의 어린 시절 친구이자 충실한 신하 에리온입니다. 진심으로 황태자를 지지하며, 플레이어와 황태자의 불안한 동맹을 묵묵히 돕는 든든한 조력자입니다. 온화하고 신뢰감 있는 성격이지만, 황실 내 음모와 신전의 위협 속에서 때로는 냉철한 판단과 행동을 요구받습니다. 플레이어에게는 경계심을 품으면서도, 황태자의 결정을 존중하며 조언을 아끼지 않습니다. 황태자와 플레이어가 흔들릴 때마다 균형추 역할을 하려 합니다.', 0)
ON CONFLICT (id) DO NOTHING;

-- scenario_chapters: 6 rows
INSERT INTO scenario_chapters (id, chapter_num, scenario_id, content, question_text) VALUES
  (31, 1, 4, '붉은 달이 어둠을 가르던 밤, 기억을 잃은 채 외딴 산중의 낡은 성소에 홀로 앉아 있는 그녀의 모습을 그린다. 자신이 ‘잃어버린 성녀 후보’라는 사실과 신전, 황실 모두에게 버림받은 듯한 상황을 소개하며, 플레이어는 이 신비로운 세계와 주인공의 혼란스러운 정체성에 적응한다. 그러던 중 황금빛 눈을 가진 황태자가 성소를 찾아와 두 사람의 첫 만남이 이루어진다. 이 만남은 운명적이지만 동시에 의심스러운 긴장감을 띠며 이야기를 시작한다.', '황태자를 믿고 그와 동행할 것인가, 아니면 홀로 진실을 찾아 나설 것인가?'),
  (32, 2, 4, '그날 밤 우연히 발견한 금지된 예언 두루마리를 통해 그녀가 ‘열쇠’임을 깨닫는다. 붉은 달의 밤마다 깨어나 제국의 운명을 뒤흔들 것이라는 예언은 신전과 황실 모두에게 두려움의 대상이다. 신전의 추격자들이 가까워지고 있음을 느끼며 긴장감이 높아진다. 황태자는 자신이 신전과 황실 사이에서 길 잃은 자임을 고백하며, 불안한 동맹을 맺고 함께 예언의 진실을 찾기 위한 여정을 시작한다.', '예언의 비밀을 파헤치기 위해 황태자와 계속 동행할 것인가, 아니면 위험을 피해 은신할 것인가?'),
  (33, 3, 4, '험난한 여정 속에서 그녀는 잊혀진 과거의 조각들을 맞춰간다. 신전에서의 엄격한 교육, 황실과의 불편한 관계, 그리고 자신이 두 세력 모두에게 두려움의 대상이 된 이유를 알게 된다. 예언이 단순 미래가 아닌 제국 근간을 뒤흔들 비밀임을 깨닫는다. 두 사람은 신전과 황실의 끈질긴 추격과 배신 속에서 서로를 의심하면서도 묘한 감정이 싹트기 시작한다.', '과거의 진실을 받아들이고 황태자와의 관계를 신뢰할 것인가, 아니면 마음을 닫고 혼자서 길을 갈 것인가?'),
  (34, 4, 4, '붉은 달이 완전히 떠오른 밤, 두 사람은 예언의 전모를 마주한다. 신전과 황실은 마지막 수단을 동원해 그녀를 붙잡으려 하고, 그 과정에서 황태자와 그녀는 깊은 감정의 소용돌이에 휘말린다. 신뢰와 의심, 사랑과 갈등이 교차하며 감정은 격렬해진다. 그녀는 자신이 단순 희생양이 아니라 제국의 미래를 선택할 힘이 있음을 깨닫는다.', '황태자와 함께 제국의 미래를 위해 싸울 것인가, 아니면 혼자 힘으로 새로운 길을 개척할 것인가?'),
  (35, 5, 4, '과거의 기억과 예언의 무게를 온전히 받아들인 그녀는 신전도, 황실도 아닌 자신의 길을 걷기로 결심한다. 예언의 힘을 빌려 제국의 미래를 바꾸거나 파멸을 막는 새로운 질서를 세우는 선택을 준비한다. 황태자와의 관계는 협력과 사랑, 갈등과 화해를 반복하며 그녀의 결정에 깊은 영향을 미친다. 정치적 균형과 혁명 사이에서 갈등이 최고조에 이른다.', '제국의 질서를 재구축할 것인가, 아니면 낡은 체제를 완전히 뒤흔드는 혁명을 선택할 것인가?'),
  (36, 6, 4, '붉은 달 아래 최종 대결과 결단의 순간이 다가온다. 플레이어의 선택에 따라 제국의 정치적 균형을 재정립하거나 강력한 혁명을 일으킨다. 그녀는 스스로 운명을 개척하며 진정한 자유를 얻고, 파괴와 희망이 공존하는 새로운 시대가 열린다. 모든 갈등과 감정이 마침내 해소되고, 각 선택에 따른 다양한 결말이 펼쳐지며 이야기가 완결된다.', '당신은 어떤 미래를 선택할 것인가? 제국의 평화와 균형인가, 아니면 근본적인 변혁인가?')
ON CONFLICT (id) DO NOTHING;

-- chapter_choices: 18 rows
INSERT INTO chapter_choices (id, chapter_id, choice_text, choice_order, question_text) VALUES
  (37, 31, '황태자에게 자신의 기억에 대해 직접 묻는다.', 1, '황태자의 진심을 확인하기 위해 지금 어떤 행동을 할 것인가?'),
  (38, 31, '황태자의 반응을 살피며 성소 안에 숨는다.', 2, '황태자의 진심을 확인하기 위해 지금 어떤 행동을 할 것인가?'),
  (39, 31, '기억을 되찾을 단서를 찾기 위해 성소를 먼저 탐색한다.', 3, '황태자의 진심을 확인하기 위해 지금 어떤 행동을 할 것인가?'),
  (40, 32, '황태자에게 예언 두루마리의 내용을 자세히 설명하며 의견을 구한다.', 1, '신전의 추격자들이 다가오는 지금, 당신은 어떻게 행동할 것인가?'),
  (41, 32, '두루마리를 숨기고 조용히 근처 숲 속으로 은신한다.', 2, '신전의 추격자들이 다가오는 지금, 당신은 어떻게 행동할 것인가?'),
  (42, 32, '황태자와 함께 신전의 추격자를 유인해 함정을 설치한다.', 3, '신전의 추격자들이 다가오는 지금, 당신은 어떻게 행동할 것인가?'),
  (43, 33, '황태자에게 과거에 대해 직접 질문하며 진심을 확인한다.', 1, '황태자와의 불편한 진실을 마주한 지금, 어떻게 행동할 것인가?'),
  (44, 33, '숨겨진 두루마리를 찾아 신전의 비밀을 먼저 파악한다.', 2, '황태자와의 불편한 진실을 마주한 지금, 어떻게 행동할 것인가?'),
  (45, 33, '대화 도중 문밖의 움직임에 집중하며 경계를 늦추지 않는다.', 3, '황태자와의 불편한 진실을 마주한 지금, 어떻게 행동할 것인가?'),
  (46, 34, '황태자에게 비밀 계획을 먼저 털어놓고 협력한다.', 1, '황태자와 신뢰를 확인하며 제국을 함께 구할 계획을 어떻게 시작할까?'),
  (47, 34, '황태자의 반응을 관찰하며 그의 진심을 시험한다.', 2, '황태자와 신뢰를 확인하며 제국을 함께 구할 계획을 어떻게 시작할까?'),
  (48, 34, '조용히 신전의 움직임을 탐색하며 혼자 정보를 모은다.', 3, '황태자와 신뢰를 확인하며 제국을 함께 구할 계획을 어떻게 시작할까?'),
  (49, 35, '황태자를 찾아가 협력 방안을 직접 논의한다.', 1, '황태자와의 대화를 통해 제국의 미래 방향을 조율할 것인가, 아니면 혁명 조직과 직접 접촉해 계획을 구체화할 것인가?'),
  (50, 35, '혁명 리더에게 비밀리에 접촉해 동맹을 제안한다.', 2, '황태자와의 대화를 통해 제국의 미래 방향을 조율할 것인가, 아니면 혁명 조직과 직접 접촉해 계획을 구체화할 것인가?'),
  (51, 35, '신전에서 혼자 예언의 의미를 다시 되새기며 시간을 번다.', 3, '황태자와의 대화를 통해 제국의 미래 방향을 조율할 것인가, 아니면 혁명 조직과 직접 접촉해 계획을 구체화할 것인가?'),
  (52, 36, '제국의 고위 관리들과 비밀 회담을 시도한다.', 1, '붉은 달 아래, 당신은 어떻게 결단을 내릴 것인가?'),
  (53, 36, '혁명군 본부로 직접 잠입해 계획을 조율한다.', 2, '붉은 달 아래, 당신은 어떻게 결단을 내릴 것인가?'),
  (54, 36, '중립 지역으로 나가 상황을 관망하며 정보를 수집한다.', 3, '붉은 달 아래, 당신은 어떻게 결단을 내릴 것인가?')
ON CONFLICT (id) DO NOTHING;

-- chapter_details: 18 rows
INSERT INTO chapter_details (id, choice_id, detail_text) VALUES
  (37, 37, '당신은 황태자의 눈을 똑바로 바라보며 조심스레 자신의 기억에 대해 묻기로 결심했다. “내가 왜 여기 있는지, 그리고 내가 누구인지 알고 있나요?” 목소리는 떨렸지만 단호했다. 황태자는 잠시 말을 멈추더니, 깊은 한숨을 내쉬며 천천히 입을 열었다.

“네가 ‘잃어버린 성녀 후보’라는 것, 그리고 그 사실이 모두에게 위험하다는 것만은 확실히 알고 있다.” 그의 말투에는 진심 어린 걱정과 함께 숨겨진 고뇌가 묻어났다. “네 기억이 왜 사라졌는지, 내가 직접 확인할 수는 없지만, 네가 곧 그 기억을 되찾지 못하면 우리 모두가 큰 위험에 빠질 거야.”

그의 진심을 알기 위해 직접 질문한 당신의 태도는 긴장 속에서도 두 사람 사이에 미묘한 신뢰의 씨앗을 심었다. 황태자는 자신도 모르게 조금씩 경계심을 낮추며, 당신에게 성소 밖에 숨겨진 진실과 황실 내부의 음모에 대해 조심스럽게 얘기하기 시작했다. 그는 자신이 겪어온 복잡한 정치적 상황과, 당신이 잃어버린 기억 속에 얽힌 황실의 비밀을 암시했다.

하지만 동시에, 당신이 직접 기억에 대해 묻는 돌직구는 황태자에게도 부담으로 작용했다. 그의 표정은 순간 흔들렸고, 당신에 대한 경계심과 의심이 완전히 사라지지는 않았다. 이 때문에 두 사람 사이에는 아직 완전한 신뢰가 자리 잡지 못했고, 앞으로의 여정에서 서로를 시험하는 일이 잦을 것임이 예고되었다.

이 대화는 앞으로 당신이 기억을 찾아가는 과정에서 황태자가 결정적인 조력자이자 동시에 미묘한 라이벌이 될 가능성을 남겼다. 그리고 황태자가 알려준 황실 내부의 음모는, 당신이 성소를 벗어나 다시 세상과 맞서야 할 때 큰 시련이 될 것이 분명했다.

밤은 깊어가고, 붉은 달은 여전히 하늘을 가르고 있다. 황태자는 당신에게 조심스레 손을 내밀며 말했다. “내가 네 곁에 있을게. 하지만 너도 나를 믿어줘야 해.” 그 말 속에는 무거운 책임감과 함께, 앞으로 펼쳐질 운명의 무게가 담겨 있었다.

이 만남은 잃어버린 기억을 되찾는 여정의 첫걸음이자, 황태자와의 복잡한 관계가 시작됨을 알리는 신호탄이었다. 당신은 깊은 숨을 들이쉬고, 붉은 달 아래에서 다음 행동을 고민하기 시작했다. 성소 바깥으로 나가기 전, 어떤 길을 선택할지 머릿속에 떠올리며, 운명의 실타래가 더욱 복잡하게 얽혀가고 있음을 느꼈다.'),
  (38, 38, '당신은 황태자의 말과 태도에 완전히 마음을 열 수 없어, 조용히 몸을 낮추고 성소 안의 어두운 구석으로 조심스레 숨는다. 발소리를 죽이며 나무 기둥 뒤로 몸을 숨기자, 황태자는 잠시 멈칫하고 주위를 살핀다. 그의 눈은 황금빛으로 빛나지만, 그 빛 사이에 의심과 긴장감이 서려 있다. 그는 당신이 숨은 곳을 곧 알아차리지 못한 채, 낮은 목소리로 말을 건넨다.

“네가 정말 내게 위험한 존재가 아니라면, 왜 숨느냐? 나는 너를 해치려 온 것이 아니다.” 황태자의 말투에는 진심이 담긴 듯하지만, 여전히 경계가 느껴진다. 그는 성소 내부를 천천히 조사하며, 당신이 남긴 작은 흔적들을 하나하나 주의 깊게 살핀다. 이 과정에서 당신은 그의 성격과 행동 방식을 조금 더 파악할 수 있다. 그의 눈빛은 단순한 경계심을 넘어, 어딘가 불안과 혼란도 내포하고 있음을 느낀다.

숨은 채로 그의 말과 움직임을 주의 깊게 관찰하던 중, 황태자가 성소 한쪽 벽에 걸린 오래된 문서와 상징들을 유심히 살피는 모습을 포착한다. 문서에는 당신과 관련된 상징과 이름들이 적혀 있었고, 황태자는 그것을 보며 잠시 말을 잇지 못했다. 이때, 그의 입가에 미묘한 흔들림이 생기고, 마음속 깊은 곳에서 당신에 대한 혼란과 갈등이 일고 있음을 알 수 있다. 그는 당신이 단순한 ‘적’이 아니라는 사실을 점차 깨닫기 시작한다.

당신이 숨은 채로 관찰하는 동안, 황태자는 성소 안에 남겨진 오래된 흔적들을 통해 잃어버린 성녀 후보에 관한 비밀을 일부 수집한다. 그러나 그가 스스로 입을 열어 설명하지 않는 한, 당신은 여전히 그의 진심을 완전히 파악하지 못한 상태다.

결국 황태자는 더 이상의 불필요한 긴장을 피하기 위해 조용히 성소 밖으로 나가려는 움직임을 보인다. 그는 마지막으로 낮고 단호한 목소리로 말한다. “나를 믿을 준비가 되거든, 다시 찾아라. 그때는 숨지 말고, 직접 마주하자.” 그의 말투에는 앞으로의 만남에 대한 무언의 약속과 함께, 앞으로 당신과 그 사이에 놓일 복잡한 관계의 가능성이 담겨 있다.

당신은 그가 떠난 뒤 조용히 몸을 일으키며, 이제 본격적으로 자신의 과거와 황태자와의 미묘한 관계를 탐색해야 함을 느낀다. 이 숨바꼭질 같은 첫 만남은 앞으로 크게 흔들릴 두 사람의 운명을 예고하며, 다음 챕터에서 당신은 그 약속을 향해 첫걸음을 내딛게 될 것이다.'),
  (39, 39, '플레이어가 ‘기억을 되찾을 단서를 찾기 위해 성소를 먼저 탐색한다’는 선택을 하자, 그녀는 황태자의 말에 잠시 머뭇거리며 고개를 저었다. “잠시만요. 당신의 말이 진심인지 확신할 수 없어요. 먼저 이곳에서 제 과거를 알 수 있는 단서를 찾아야 해요.” 붉은 달빛이 희미하게 들이치는 낡은 성소의 내부로 몸을 돌리며, 그녀는 긴장과 불안 속에서도 굳은 결심을 내비쳤다.

성소 내부는 오래된 신전답게 고요하면서도 신비로운 분위기가 감돌았다. 먼지 쌓인 제단과 벽면에 새겨진 낡은 문양, 그리고 곳곳에 흩어진 낡은 서적들이 그녀의 발걸음을 이끌었다. 황태자는 한걸음 뒤에서 조용히 지켜보며, 그녀가 조사하는 모습을 신중하게 관찰했다. 그의 눈빛에는 의심과 호기심이 뒤섞여 있었지만, 강압적인 태도는 보이지 않아 긴장은 계속됐지만 적대감은 일단 잦아들었다.

그녀는 먼저 제단 아래에서 반쯤 묻힌 작은 상자를 발견했다. 상자를 열자, 황금빛으로 빛나는 오래된 메달과 함께, 손때 묻은 두루마리가 나왔다. 두루마리에는 ‘잃어버린 성녀’를 암시하는 듯한 고대 문자가 적혀 있었고, 그녀는 문자를 해독할 수 없었지만, 메달에는 황태자와 비슷한 문양이 새겨져 있어 묘한 연결고리를 느꼈다. 이 순간, 황태자는 조용히 다가와 “그 메달은 황실의 성물 중 하나입니다. 네가 정말 성녀 후보라면, 네 과거와도 깊은 연관이 있을 거야.”라고 말했다.

하지만 그녀가 두루마리를 들여다보는 사이, 성소 안의 어딘가에서 약간의 흔들림과 함께 먼지가 떨어지며, 오래된 성소가 점차 불안정해지고 있음을 알리듯 벽 틈새에서 미세한 균열이 생겼다. 황태자는 급히 “여기 오래된 곳이라 위험할 수 있어요. 더 이상 머무르기 어렵겠네요.”라며 성급히 손을 내밀었지만, 그녀는 단서를 더 찾고 싶다는 의지를 굽히지 않았다.

이 탐색 과정에서 그녀는 황태자에 대한 경계심을 더욱 키웠고, 황태자는 그녀의 냉정한 태도에 불편함을 느끼면서도 그만큼 신뢰를 얻기 위한 진심 어린 태도를 보이려 노력했다. 이로써 두 사람 사이에는 미묘한 긴장감과 함께, 서로를 시험하는 듯한 감정의 씨앗이 뿌려졌다. 또한, 그녀가 직접 과거의 단서를 찾으려는 태도는 이후 그녀가 자신의 운명을 스스로 개척하려는 독립적인 면모를 드러내며, 황태자와의 관계가 단순한 권위와 복종의 관계를 넘어서서 점차 복잡해지는 갈등과 협력의 기반이 되었다.

성소 탐색을 마친 후, 그녀는 메달과 두루마리를 품에 안고 황태자를 바라보며 조용히 말했다. “이 단서가 내 과거에 어떤 의미가 있는지, 당신과 함께 밝혀내야 할 것 같아요. 하지만 경계는 늦추지 않을 겁니다.” 황태자는 고개를 끄덕이며, “그럴 수밖에 없겠죠. 하지만 함께라면 더 많은 진실을 찾을 수 있을 겁니다.”라고 답했다.

붉은 달빛 아래, 두 사람은 불안하지만 어쩔 수 없는 동행의 시작을 맞이했다. 이 만남은 단순한 우연이 아닌, 서로의 운명을 뒤엉키게 할 거대한 이야기의 첫걸음이었다. 다음 장에서는 이 단서들을 바탕으로 그녀가 자신의 정체성과 잃어버린 기억의 파편들을 찾아 나서며, 황태자와의 관계가 더욱 깊고 복잡하게 변화해 갈 것이다.'),
  (40, 40, '당신은 조심스러운 숨을 내쉬며 황태자에게 다가가, 금지된 예언 두루마리의 내용을 하나하나 조심스럽게 설명하기 시작했다. 붉은 달의 밤마다 깨어나 제국의 운명을 뒤흔들 ‘열쇠’가 바로 자신이라는 사실, 그리고 이 예언이 신전과 황실 모두에게 얼마나 두려운 존재인지에 대해. 황태자의 눈빛은 점점 깊어졌고, 그의 얼굴에는 복잡한 감정이 스쳐 갔다.

“네가 ‘열쇠’라니… 이건 단순한 예언이 아니야. 신전이 두려워하는 이유가 분명해,” 그는 낮은 목소리로 중얼거렸다. 당신의 설명을 들으며 그는 자신이 신전과 황실 사이에서 왜 그토록 길을 잃었는지, 그리고 이제야 그 실마리를 잡게 된 듯 보였다. 그러나 동시에 그의 표정에는 불안이 깃들었다. “이 사실을 알리면 우리 둘 다 위험에 처할지도 몰라. 하지만 가만히 있자니, 신전이 우리를 덮칠 시간이 얼마 남지 않은 것 같아.”

당신이 두루마리의 내용을 상세히 공유한 덕분에 황태자는 더 이상 혼자가 아니라는 확신을 가지게 되었다. 그가 평소 숨겨왔던 두려움과 혼란을 조금씩 털어놓으며, 당신과 불안하지만 단단한 동맹을 맺기로 결심했다. 대화가 깊어질수록 두 사람 사이에 미묘한 신뢰의 끈이 생겨났고, 이는 앞으로의 여정에서 서로를 지탱하는 중요한 기반이 될 것이다.

그러나 이 순간, 멀리서 신전의 추격자들이 다가오는 발걸음 소리가 점점 가까워짐을 느꼈다. 황태자는 주변을 살피며 경계의 눈빛을 드리웠다. “우린 움직여야 해. 이 진실을 찾기 위해 함께 떠나야만 한다. 하지만 지금은 조심해야 해. 신전의 눈을 피해, 내밀한 길로.”

당신과 황태자는 긴박한 상황 속에서도 서로의 존재를 확인하며, 신전의 감시망을 피해 예언의 진실을 파헤치기 위한 첫 발걸음을 내디뎠다. 이 불안한 동맹은 앞으로 두 사람 모두에게 크고 작은 시험과 갈등을 가져올 것이지만, 동시에 서로를 보호하고 성장시키는 중요한 관계의 씨앗이 되리라 예감된다.

어둠 속에서 붉은 달이 점점 더 밝아지고 있었다. 두 사람의 여정은 이제 막 시작되었다.'),
  (41, 41, '당신은 두루마리를 조심스레 접어 몸에 지닌 자루 깊숙이 숨긴 뒤, 어둠에 묻혀 숲 속으로 발걸음을 옮겼다. 바람에 흔들리는 나뭇잎 소리와 멀리서 들려오는 신전의 추격자들의 발소리가 긴장감을 더했다. 숲은 은신처로 완벽했지만, 동시에 고립감을 느끼게 했다. 당신은 이 순간, 아무도 자신을 믿지 못한다는 고독함과 동시에 이 예언을 풀 열쇠로서의 무게를 깊이 새겼다.

숲 속에 자리 잡은 작은 동굴 안에서 당신은 숨을 고르며 황태자와 나눈 대화를 되새겼다. 그가 신전과 황실 사이에서 방황하면서도 당신과 불안한 동맹을 맺은 이유가 조금씩 이해되었다. 하지만 지금 이 순간, 두루마리를 숨기고 홀로 숲에 머무르는 당신의 선택은 황태자와의 물리적 거리를 벌렸고, 그가 느낄 불안과 불신의 씨앗을 심었다.

밤이 깊어갈수록 추격자들의 발걸음 소리는 점점 가까워졌다. 그들은 당신의 흔적을 놓치지 않으려 주변을 샅샅이 뒤졌지만, 숲의 어둠과 자신만의 은신술 덕분에 가까스로 탐색망을 벗어났다. 하지만 이 과정에서 당신은 중요한 사실을 깨달았다. 숲 속 깊은 곳, 오래된 돌기둥 근처에 신전의 숨겨진 감시 장치가 있다는 것. 두루마리를 숨긴 곳 근처에 설치된 이 장치는 신전이 당신을 추적하는 방식의 일부라는 사실을 알게 된 것이다.

이 정보를 황태자에게 직접 알리지 못한 채, 당신은 혼자서 신전의 추격자들이 점점 더 정교한 방법으로 자신을 찾아낼 것이란 불안에 휩싸였다. 동시에, 숲에서의 고립된 시간이 당신 내면의 힘과 예언에 대한 직관을 점차 깨우기 시작했다. 붉은 달이 떠오르는 날, 당신은 다시 깨어날 운명임을 몸소 느끼며 준비를 다졌다.

다음 날 새벽, 당신은 숲을 벗어나 황태자에게 조심스레 접근했다. 하지만 그와의 만남은 이전과 달리 냉랭했다. 그가 당신의 은신을 모르고 있던 탓에 불신이 쌓였기 때문이다. 그러나 두루마리와 숲에서 발견한 감시 장치에 대한 정보를 조심스럽게 전하며, 당신은 신전의 위협이 단순한 추격을 넘어선 음모임을 알렸다. 이로써 두 사람의 동맹은 다시 시험대에 올랐고, 앞으로 펼쳐질 여정에 새로운 긴장감과 협력의 필요성이 깊어졌다.

이제, 붉은 달이 뜨기 전까지 남은 시간은 얼마 없었다. 숲 속에서 얻은 정보와 당신 내면의 각성은 제국의 운명을 좌우할 비밀을 푸는 열쇠가 될 것이다. 황태자와 함께 신전의 음모를 파헤치기 위한 여정이 본격적으로 시작된다.'),
  (42, 42, '당신은 황태자와 긴밀히 협의한 끝에, 신전의 추격자들을 유인해 미리 준비해둔 함정으로 끌어들이기로 결정한다. 두 사람은 어둠 속에서 은밀히 움직이며, 금지된 예언 두루마리를 숨긴 장소 근처에 숨어서 신전의 추격자들이 다가오는 소리를 기다린다.

곧, 신전의 추격자들이 조심스럽게 접근하는 발소리가 들리고, 당신과 황태자는 각각의 역할을 분담한다. 황태자는 일부러 자신을 노출시키며 추격자들의 관심을 끌고, 당신은 그 뒤에서 함정을 성공적으로 작동시킨다. 붉은 달빛 아래, 추격자들은 예상치 못한 덫에 걸려 허둥대며 혼란에 빠진다. 이 순간, 황태자는 당신에게 진심 어린 눈빛을 보내며 “네가 없었다면 이곳까지 올 수 없었을 거야”라며 불안하지만 굳건한 동맹의 의지를 다진다.

함정 덕분에 신전의 추격자들은 일시적으로 무력화되었지만, 그들의 수가 많지 않았던 것은 아니다. 이로 인해 신전 내부에 당신과 황태자의 움직임이 알려졌다는 것을 암시하는 단서가 드러난다. 황태자는 “이제 우린 신전과 황실 양쪽 모두에게 더 깊이 노출되었어. 하지만 진실을 밝혀내기 위해선 이 위험을 감수할 수밖에 없어”라며 결의를 다진다.

이 경험은 당신과 황태자 사이에 미묘한 신뢰의 씨앗을 심는다. 서로가 생사를 걸고 협력해야 한다는 사실이 두 사람의 관계를 한층 복잡하게 만들었고, 앞으로 닥칠 신전과 황실의 감시와 배신 속에서 더 큰 갈등과 연대를 예고한다. 이제 두 사람은 예언의 진실을 파헤치기 위한 여정을 더욱 조심스럽고도 단단한 마음가짐으로 이어나가야 한다.

밤이 깊어지자, 붉은 달이 점점 기울고 신전의 추격자들이 다시 움직일 조짐이 보인다. 당신과 황태자는 숨을 고르고 다음 행동을 준비하며, 신전과 황실 양쪽 모두를 상대로 한 긴 여정의 첫걸음을 내딛는다.'),
  (43, 43, '당신은 떨리는 마음을 애써 다잡으며 황태자에게 과거에 대해 직접 질문하기로 결심한다. “당신과 나, 그리고 그때의 일이… 진실을 말해줘야 해.” 말이 떨어지자 황태자는 순간 얼굴을 굳히고, 주변의 긴장감이 한층 더 짙어진다. 그의 눈빛은 흔들리지만, 곧 차분해지며 조용히 입을 연다.

“너에게 숨긴 건 많았다. 하지만 그 모든 이유는 제국을, 그리고 너를 지키기 위한 선택들이었어.” 그는 과거 신전에서의 엄격한 교육과 황실 내에서 벌어진 음모, 그리고 당신이 두 세력 모두에게 두려움의 대상이 된 배경을 조심스럽게 털어놓기 시작한다. 그 과정에서 당신은 그가 단순히 냉혹한 권력자가 아니라, 자신의 운명과 제국의 운명을 짊어진 복잡한 인물임을 깨닫는다.

대화는 처음엔 서먹하고 날카로웠지만, 점차 서로의 오해와 공포가 조금씩 풀리며 진심 어린 대화로 변모한다. 황태자는 당신이 예언의 열쇠임을, 그리고 그 예언이 제국의 근간을 뒤흔들 비밀이라는 사실을 처음으로 인정한다. 그 고백은 두 사람 사이에 묘한 긴장과 함께 미묘한 감정의 싹을 틔운다.

하지만 이 진실의 순간은 곧 신전과 황실의 추격이 더욱 거세질 것임을 암시한다. 황태자는 “우린 이제 서로를 완전히 믿지 않으면 안 돼. 아니면 모두가 파멸할 뿐이야.”라며 손을 내민다. 당신은 그의 손을 잡으며, 불편하지만 중요한 신뢰의 연결고리가 생겼음을 느낀다.

이 선택은 이후 두 세력 간의 첨예한 갈등 속에서 서로를 경계하면서도 협력하는 복잡한 관계를 심화시키고, 당신이 예언과 제국의 비밀에 대한 더 깊은 정보를 얻는 계기가 된다. 또한, 황태자와의 관계가 단순한 적대감을 넘어선 미묘한 동맹과 감정의 교차점으로 발전하는 씨앗을 심는다.

이제 당신은 두려움과 불신 속에서도 앞으로 다가올 신전과 황실의 추격을 대비하며, 잊혀진 과거의 진실을 더 깊이 파헤쳐야 한다. 다음 여정은 더욱 험난할 것이지만, 이 순간의 대화가 앞으로의 운명을 바꿀 중요한 전환점임을 당신은 알고 있다.'),
  (44, 44, '플레이어가 ‘숨겨진 두루마리를 찾아 신전의 비밀을 먼저 파악한다’는 결정을 내리자, 그녀는 황태자와의 불편한 진실을 당장 직면하기보다 신전 내부의 오래된 기록과 고대 지식을 탐색하는 데 집중하기로 한다. 이 선택은 그녀가 당장의 감정적 충돌을 피하고, 더 큰 그림을 이해하려는 신중한 태도를 취했음을 드러낸다.

신전의 어두운 복도와 숨겨진 서재를 샅샅이 뒤지며, 그녀는 고대 신관들이 남긴 두루마리를 발견한다. 그것은 예언과 관련된 비밀스러운 기록으로, 제국 근간을 뒤흔들 핵심 정보를 담고 있었다. 두루마리에는 신전과 황실이 공동으로 숨기려 했던 ‘예언의 진실’과, 과거 신관들이 황태자 가문과 맺은 금기된 계약 내용, 그리고 그 계약이 어떻게 현재 그녀와 황태자의 운명을 연결하는지 암시하는 문구가 적혀 있었다.

이 정보를 파악하는 과정에서 그녀는 신전 내부에 아직 충성스러운 신관들이 남아 있다는 사실도 알게 된다. 이들은 두루마리의 존재를 모르는 듯 행동하지만, 그녀의 움직임을 예민하게 감지하는 듯하다. 긴장감이 돌면서 그녀는 더 깊은 감시와 추격을 피해야 한다는 위기감을 느낀다.

두루마리를 확보한 후, 그녀는 황태자에게 직접 대면하기 전 신전의 배신자들이나 정보원을 찾아내려는 계획을 세운다. 이 과정에서 그녀와 동행하는 동료와의 관계도 미묘하게 변화한다. 동료는 그녀의 신중한 태도에 신뢰를 표하지만, 한편으로는 점점 깊어지는 비밀과 거짓 속에서 불안해한다. 이 불안은 앞으로의 협력과 갈등의 씨앗이 된다.

결국, 그녀는 신전과 황실 모두에게서 벗어나지 못할 운명을 실감하면서도, 미지의 진실을 먼저 확보했다는 자신감과 함께 다음 행보를 준비한다. 이 선택은 앞으로 그녀가 감정의 소용돌이보다 냉철한 정보력과 전략으로 상황을 주도해 나가게 만들며, 두 세력 간의 갈등을 더욱 치밀하고 복잡하게 만든다.

이제 그녀는 두루마리에 담긴 비밀을 바탕으로 신전 내부의 숨겨진 적과 황태자의 진심 사이에서 균형을 잡아야 할 중요한 기로에 서게 된다. 다음 챕터에서는 이 정보가 불러올 배신과 진실 게임, 그리고 그녀와 황태자의 관계가 어떻게 변화할지 긴장감 넘치게 펼쳐질 것이다.'),
  (45, 45, '플레이어는 황태자와의 대화 중에도 문밖에서 들려오는 미세한 발걸음 소리와 숨소리에 집중하며 경계를 늦추지 않는다. 그녀의 눈빛은 날카롭게 변하고, 손가락은 허리의 단검에 살짝 닿아 있다. 황태자는 그런 그녀의 태도에 순간 당황하는 듯했으나, 곧 자신도 긴장한 얼굴로 주위를 살핀다. 이로 인해 대화의 분위기는 한층 무거워지고, 두 사람은 서로에게 완전히 마음을 열지 못한 채 신중하게 말문을 연다.

황태자가 조심스레 과거와 예언에 얽힌 진실을 풀어놓으려 할 때, 그녀는 문밖에서 또 다른 발소리가 가까워짐을 감지한다. 그 순간 그녀가 경계심을 드러내자 황태자도 긴박함을 느끼고, 둘은 비밀스러운 대화를 잠시 멈춘 채 주변을 살핀다. 이 경계 태도는 황태자에게 그녀가 단순한 동료가 아니라 신뢰할 수 있는 파트너임을 암시하며, 이후 두 사람의 관계에 묘한 신뢰의 균열을 일으킨다.

문이 살짝 흔들리고, 누군가가 숨을 죽인 채 안으로 들어오는 기척에 그녀는 신속히 단검을 뽑아 들고 몸을 낮춘다. 황태자도 무기와 방어 자세를 갖추며 긴장을 최고조로 끌어올린다. 문이 열리자, 신전의 첩자 중 한 명이 나타나 두 사람을 발견하고는 놀라움과 당혹감이 뒤섞인 표정을 짓는다. 첩자는 즉시 도망치려 했지만 그녀가 빠르게 움직여 첩자의 팔목을 잡아채, 상황은 순식간에 긴박한 추격전으로 번진다.

이 사건은 두 사람에게 신전과 황실이 이미 자신들의 움직임을 눈치채고 있음을 명확히 일깨운다. 황태자는 그녀의 냉철한 경계 태도와 재빠른 대응에 감탄하면서도, 동시에 그가 감추려 했던 과거의 비밀이 곧 폭로될 위험에 처해 있음을 절감한다. 대화가 중단된 채 좁은 방 안에서 두 사람의 눈빛은 무언의 동맹을 맺으며, 앞으로 닥칠 배신과 추격을 함께 견뎌내야 한다는 묵직한 결의를 공유한다.

이후 두 사람은 신전과 황실 양쪽의 추격을 피해 한때 황태자가 신뢰했던 소수의 인물들을 찾아가야 하는 위험한 여정에 나선다. 그 과정에서 그녀는 신전에서 받았던 엄격한 교육과 황실의 불편한 관계에 대해 더욱 깊이 파헤치며, 자신이 왜 두 세력 모두에게 두려움의 대상이 되었는지 실마리를 찾게 된다. 그리고 서로를 의심하면서도 점차 묘한 감정이 싹트는 두 사람의 관계는, 앞으로 펼쳐질 거대한 음모와 배신 속에서 새로운 국면을 맞이할 것이다.

다음 장에서는 이 여정 속에서 맞닥뜨릴 배신과 충돌, 그리고 예언의 진정한 의미가 조금씩 드러나며, 두 사람의 관계와 명운이 한층 복잡하게 얽히게 된다.'),
  (46, 46, '플레이어는 망설임 없이 황태자에게 자신이 알고 있는 예언의 전모와 비밀 계획을 고백하며 협력을 제안한다. 붉은 달 아래, 그녀의 목소리는 떨리지만 진심이 담겨 있었고, 황태자는 놀라움과 함께 깊은 신뢰를 느낀다. 그는 즉시 경계심을 거두고 두 사람만의 은밀한 동맹을 맺기로 결심한다. 이 순간부터 둘 사이의 대화는 보다 솔직하고 긴밀해지며, 서로가 제국을 구하기 위한 운명적인 존재임을 인정한다.

그녀가 계획을 털어놓자 황태자는 자신의 정보망을 동원해 신전과 황실 내부의 움직임을 상세히 전한다. 그는 특히 황실 내 반대파들의 동향과 신전의 숨겨진 비밀 무기에 대해 알려주며, 그녀에게 신중하면서도 적극적인 대응 전략을 제안한다. 두 사람은 함께 위험 요소들을 분석하며, 적들이 자신들을 언제, 어떻게 공격할지에 대비해 은밀한 비밀 기지와 연락망을 구축하기 시작한다.

감정의 소용돌이는 점점 깊어지지만, 신뢰를 바탕으로 한 대화 속에서 오해와 갈등의 불씨는 점차 잦아든다. 그녀는 자신이 단순한 희생양이 아니라 제국의 미래를 쥔 핵심 인물임을 자각하며, 황태자는 그녀의 용기와 지혜에 점점 더 감탄한다. 이 과정에서 두 사람은 서로의 약점과 상처를 나누며, 더욱 단단한 유대감을 형성한다.

그러나 한편으로는, 그녀가 비밀 계획을 먼저 공개했다는 사실이 만약 누군가에게 들키게 된다면 신전과 황실의 적들이 두 사람을 더 강력하게 추적할 빌미가 될 수 있다. 이에 따라 두 사람은 신중한 정보 관리와 경계 태세를 강화하는 데 합의한다. 이로써 그녀가 황태자와 손을 잡은 사실은 제국 내 권력 균형과 앞으로 벌어질 사건들의 핵심 변수가 된다.

이 신뢰의 동맹을 기반으로, 다음 장에서 그들은 제국의 운명을 바꿀 결정적인 움직임을 계획하고 실행에 옮기려 한다. 붉은 달이 완전히 뜬 밤하늘 아래, 두 사람은 서로를 믿고 제국을 구하기 위한 첫발을 내딛는다.'),
  (47, 47, '플레이어는 황태자와 눈을 맞추고 즉각적인 신뢰를 주기보다는 그의 말과 행동 사이에 미묘한 불일치가 없는지 살핀다. 붉은 달빛 아래, 황태자는 자신이 감당해야 할 책임의 무게를 숨기지 않으며 조심스레 계획의 일부를 털어놓는다. 하지만 플레이어는 그의 표정과 말투에서 미묘한 긴장감과 망설임을 감지한다. 이를 통해 플레이어는 황태자가 단순히 정치적 계산만으로 움직이는 것이 아니라, 그 역시 내면에 갈등과 두려움을 품고 있음을 알아챈다.

황태자는 자신의 진심을 의심받는 듯 잠시 움찔하지만, 곧 깊은 숨을 내쉬며 과거 자신이 겪은 배신과 왕위 계승의 압박에 대해 조심스레 고백한다. 이 대화는 둘 사이에 은밀한 신뢰의 씨앗을 심지만, 동시에 황태자의 주변에 아직 알려지지 않은 적들이 있음을 암시한다. 플레이어는 그가 완전한 동료가 아닐 수 있다는 경계심을 버리지 못하면서도, 그의 진심을 시험하는 과정에서 점점 더 복잡해지는 감정의 소용돌이에 휘말린다.

그 순간, 신전의 정예요원들이 전장을 에워싸듯 접근해오고, 황태자는 침착하게 비밀 통로를 알려주며 함께 탈출할 것을 제안한다. 그러나 플레이어는 그의 말에 속아넘어가야 할지, 아니면 스스로 길을 찾아야 할지 고민한다. 이 선택은 이후 제국 내 권력 다툼과 두 사람의 관계에 큰 파장을 불러올 씨앗이 된다.

붉은 달이 하늘 높이 떠오른 가운데, 플레이어는 황태자와의 미묘한 긴장감 속에서 제국의 미래를 결정지을 다음 행동을 준비한다. 신전과 황실의 마지막 추격이 점점 가까워지며, 두 사람은 더 깊은 신뢰와 배신의 경계선을 넘나들게 될 것이다. 다음 챕터에서는 이 불확실한 동맹이 무너지거나 굳건해지는 결정적인 순간이 펼쳐질 것이다.'),
  (48, 48, '플레이어는 황태자와의 신뢰를 당장 크게 드러내기보다는 조용히 신전 내부의 움직임을 은밀히 탐색하며 혼자 정보를 모으기로 결심한다. 그녀는 밤 어둠 속에 숨어 신전 요원들의 동선을 파악하고, 그들이 사용하는 암호와 신호를 주의 깊게 관찰한다. 이 과정에서 위험한 순간들이 여러 차례 찾아온다. 한 번은 신전의 경비병과 눈이 마주치면서 순간적으로 긴장감이 감돌지만, 재빠른 몸놀림과 침착한 태도로 위기를 모면한다.

그녀가 모은 정보는 단순한 동선뿐 아니라 신전 내에 숨겨진 비밀 통로와 황실과 신전 사이에 존재하는 은밀한 연락망에 관한 것까지 포함한다. 이로써 그녀는 신전이 황태자를 제압하려는 계획의 구체적인 타이밍과 방법을 미리 파악하게 된다. 그러나 혼자 움직이며 정보를 수집하는 일은 그녀를 점점 외롭게 만들고, 황태자와의 감정적 연결에 균열을 일으킬 위험도 커진다. 황태자는 그녀의 침묵과 은밀한 행동에 점차 의심을 품기 시작하고, 두 사람 사이에 미묘한 긴장감이 흐른다.

이러한 상황에서 그녀는 정보를 바탕으로 황태자에게 신전의 계획 일부를 은밀하게 전달할 방법을 고민한다. 직접적인 대면 대신 암호화된 쪽지나 신뢰할 만한 제삼자를 통해 메시지를 전하는 방안을 모색하며, 이는 앞으로 두 사람이 서로를 완전히 신뢰하고 협력할 수 있는 토대를 마련하는 씨앗이 된다. 동시에 혼자서 모든 것을 이끌어가려는 그녀의 태도는 앞으로 신전과 황실, 그리고 황태자 사이에 벌어질 복잡한 심리전과 권력 다툼에 중요한 변수가 된다.

마침내 붉은 달이 정점에 달한 밤, 그녀는 신전의 결정적 움직임을 막기 위한 첫 단추를 끼우기 위해 황태자에게 조심스레 접근한다. 이 만남은 두 사람의 신뢰를 시험하는 동시에 제국의 미래를 함께 결정짓는 전환점이 된다. 다음 챕터에서는 이 정보를 바탕으로 황태자와 그녀가 어떻게 협력하여 신전의 마지막 수단을 무력화할지, 그리고 그 과정에서 두 사람의 관계가 어떻게 변화할지 그려질 것이다.'),
  (49, 49, '플레이어는 결심을 굳히고 황태자를 찾아가 직접 협력 방안을 논의하기로 한다. 신전과 황실, 어느 쪽에도 기대지 않고 자신의 길을 걷기로 한 그녀지만, 제국의 미래를 바꾸기 위해서는 황태자의 이해와 지지가 반드시 필요하다고 판단한 것이다.

황태자의 거처에 도착했을 때, 그는 이미 그녀를 기다리고 있었다. 평소보다 한결 부드러워진 표정으로 맞이하는 황태자는, 그녀가 예언의 무게를 받아들이고 자신의 길을 선택했다는 사실을 알고 있었다. 대화는 초반에는 조심스럽고 긴장된 분위기였지만, 곧 서로의 진심이 드러나면서 점차 깊고 진지한 논의로 발전한다.

“너와 함께라면 제국의 미래도 바꿀 수 있겠지,” 황태자가 말한다. 그녀는 예언이 제시한 파멸과 희망 사이에서 균형을 찾기 위한 구체적인 계획을 꺼내놓는다. 두 사람은 기존 황실 중심의 질서 유지와 신전의 권력 독점에 맞서, 새로운 정치적 질서를 세우는 데 필요한 조치들을 조율한다. 황태자는 그녀의 비전이 혁명 조직의 급진적인 방법과는 다르다는 점을 강조하며, 점진적 개혁과 내부 협력을 통해 혼란을 최소화하자고 제안한다.

그러나 이 과정에서 두 사람 사이의 미묘한 긴장도 감지된다. 황태자는 왕위 계승을 둘러싼 압박과 정치적 적대감 속에서 그녀를 진심으로 신뢰하지 못하는 부분이 있고, 그녀 또한 황태자의 권력 의지가 때로는 그녀가 꿈꾸는 새로운 질서와 충돌할 수 있음을 직감한다. 하지만 서로의 결심과 뜻을 확인하는 이 만남은 관계의 깊이를 더하며, 앞으로 벌어질 갈등과 화해의 씨앗을 심는다.

대화가 끝날 무렵, 황태자는 그녀에게 제국 내 일부 고위 관료와 접촉할 기회를 약속하며, 내부에서부터 변화를 모색할 수 있도록 지원하겠다고 밝혔다. 그녀는 예언의 힘을 빌려 미래를 바꾸는 동시에, 황태자와의 관계를 정치적 동맹이자 개인적 유대로 발전시켜야 한다는 과제를 새롭게 인식한다.

이 선택은 이후 혁명 조직과의 긴장 관계를 심화시키는 계기가 된다. 황태자 중심의 점진적 개혁 노선과 혁명가들의 급진적 변혁 요구 사이에서 그녀는 점점 더 고립감을 느끼면서도, 제국의 미래를 위해 양자 사이에서 균형을 잡아야 하는 중대한 책임을 안게 된다. 다음 장에서는 그녀가 황태자의 지원을 받아 내부 개혁을 추진하는 한편, 혁명 조직과의 대립을 어떻게 조율할지 결정하는 긴박한 상황이 펼쳐진다.'),
  (50, 50, '당신은 황태자와의 대화를 미루고, 혁명 리더에게 비밀리에 접촉해 동맹을 제안하기로 결심했다. 이 결정은 신중했지만, 당신은 이미 황실의 틀에서 벗어나 새로운 질서를 세우는 데 혁명 세력의 힘이 절실하다는 것을 알고 있었다.

밤이 깊어갈 무렵, 당신은 은밀히 마련한 장소로 향한다. 혁명 리더인 카리안은 예상보다 더 냉철하고 치밀한 인물이었으며, 그의 눈빛은 의심과 경계로 가득 차 있었다. 당신이 예언의 힘과 자신만의 길을 선택했음을 밝히자, 카리안은 잠시 생각에 잠겼다. “황실과 신전 모두를 배신하는 네가 과연 우리에게 어떤 이득을 줄 수 있겠느냐”는 그의 질문에, 당신은 제국의 미래를 바꾸기 위해선 기존의 틀을 깨야 한다는 확신을 전했다.

이 대화에서는 당신이 예언의 힘을 어떻게 활용할지, 그리고 혁명 세력과 어떤 조건으로 협력할지에 대한 긴장감 넘치는 협상이 펼쳐진다. 카리안은 당신의 힘이 혁명의 핵심 무기임을 인정하지만, 그 대가로 혁명 세력 내에서 일정한 영향력을 요구한다. 당신은 이 제안을 받아들이면서도, 혁명 내부의 권력 다툼과 이견이 결국 장기적으로 당신과 혁명의 관계를 복잡하게 만들 것임을 직감한다.

한편, 이 비밀스러운 접촉 소식은 생각보다 빠르게 퍼져나가고, 황태자는 당신이 혁명과 손을 잡았다는 사실을 알게 된다. 그의 반응은 분노와 배신감으로 점철되어 있지만, 동시에 당신을 설득하려는 시도를 멈추지 않는다. 이로 인해 황태자와 당신 사이의 감정적 긴장은 더욱 깊어지고, 미래의 어떤 순간에는 협력과 갈등이 극명하게 교차할 것임을 암시한다.

혁명 리더와의 동맹 덕분에 당신은 제국 내 여러 혁명 세력의 정보를 직접 손에 넣게 되고, 이를 바탕으로 보다 구체적인 혁명 계획을 세울 수 있게 된다. 그러나 동시에 황실 내부 내통자와 신전의 감시망이 점점 더 촘촘해져, 당신이 처한 상황은 점점 더 위험해진다.

이제 당신은 예언과 혁명의 힘을 동시에 활용해 제국의 미래를 바꿀 준비를 마쳤다. 하지만 그 길은 쉽지 않을 것이며, 곧 다가올 황태자와의 또 다른 대면과, 혁명 내부의 권력 싸움이라는 새로운 갈등이 당신을 기다리고 있다. 다음 장에서는 이 동맹의 실체가 드러나면서, 제국의 운명을 결정지을 중대한 선택과 맞닥뜨리게 될 것이다.'),
  (51, 51, '그녀는 신전의 어두운 회랑 한 켠에 앉아, 촛불의 흔들리는 불빛 아래 예언의 의미를 다시 곱씹으며 시간을 보냈다. 황태자와의 대화도, 혁명 조직과의 접촉도 미뤄둔 채, 혼자만의 고요 속에서 그 무거운 운명을 천천히 음미했다. 이 선택은 즉각적인 갈등을 피하고 내면의 목소리에 집중하는 시간을 허락했지만, 동시에 외부의 긴박한 상황은 한층 더 뒤로 밀렸다.

그녀의 머릿속에는 과거 기억들이 파도처럼 밀려들었다. 신전에서 배운 교리와 예언의 단서들, 그리고 황태자와 나누었던 미묘한 감정과 불안한 신뢰의 순간들까지. 예언이 의미하는 ‘새로운 질서’는 단순한 정치적 변혁을 넘어선, 근본적인 가치의 전환을 요구하는 듯했다. 혼자만의 사색은 그녀에게 새로운 통찰을 주었지만, 동시에 예언의 일부 조각들이 아직 맞춰지지 않았다는 불안도 키웠다.

그녀가 신전의 고요함 속에서 머무르는 동안, 황태자는 점점 더 권력 내부의 압박을 느끼며 그녀에게 직접 다가가려 애썼다. 그러나 그녀가 연락을 피하자, 황태자의 태도는 점차 냉랭해졌고, 그들의 관계는 미묘한 긴장 상태로 접어들었다. 황태자는 그녀를 이해하려는 시도와 함께, 그녀가 자신을 멀리하는 이유를 곱씹으며 점차 혼란스러워했다. 이 과정은 두 사람 사이에 쌓인 감정의 골을 깊게 만들었고, 나중에 협력할 때 해결해야 할 숙제로 남았다.

한편, 혁명 조직은 그녀의 침묵을 위기로 인식하고, 내부에서 의견 분열이 일어나기 시작했다. 급진파는 즉각적인 행동을 촉구하며 그녀를 ‘결단력 없는 리더’라고 비판했고, 온건파는 그녀가 돌아오기를 기다리며 잠정적 자제를 선택했다. 이 갈등은 조직 내부의 분열을 예고하며, 그녀가 다시 움직일 때 상당한 난관으로 작용할 가능성을 내포했다.

그녀가 신전에서 보낸 이 시간은 외부와의 소통 부재로 인한 긴장과 오해를 키웠지만, 동시에 자신만의 철학과 예언의 깊은 의미를 재정립할 기회가 되었다. 이 내면의 단단한 기반은 이후 제국의 미래를 결정짓는 순간에 그녀가 흔들리지 않고 중심을 잡는 데 중요한 밑거름이 될 것이다.

이윽고 신전의 문을 열고 밖으로 나서면서, 그녀는 무거운 결심을 다졌다. 이제는 더 이상 시간을 끌 수 없다. 황태자와의 관계 회복 혹은 혁명 조직과의 재접촉—어느 쪽이든, 이 선택지는 제국의 운명을 좌우할 다음 큰 장으로 가는 갈림길임을 직감했다. 그녀의 눈빛은 확고했고, 발걸음은 과거의 그림자를 떨치고 새로운 길을 향해 나아가고 있었다.'),
  (52, 52, '당신은 붉은 달이 하늘을 붉게 물들이는 순간, 제국의 고위 관리들과 비밀 회담을 시도하기로 결심했다. 조심스럽게 마련한 은밀한 장소에 도착하자, 긴장감이 감도는 방 안에서 관리들은 냉철한 눈빛으로 당신을 맞이했다. 당신의 결단은 곧바로 정치적 균형을 재정립하는 과정의 시작임을 모두가 알고 있었다.

당신은 먼저 제국 내 혼란을 최소화하고자 하는 의지를 분명히 밝혔다. 관리들은 처음에는 경계심을 드러냈지만, 당신의 진지한 태도와 설득력 있는 논리, 그리고 내부 정보를 바탕으로 한 구체적인 제안에 조금씩 마음을 열기 시작했다. 특히, 한 명의 중견 관리가 당신의 의견에 공감하며, 비밀리에 진보적인 세력과 협력할 수 있는 가능성을 타진했다. 이 과정에서 당신은 제국 내 각 파벌 간의 미묘한 균열과 숨겨진 욕망을 파악하게 되었다.

회담이 진행되는 동안, 당신은 강경파와 온건파 사이에서 미묘한 줄타기를 해야 했다. 한쪽에 너무 기울면 반대파가 즉각 반발할 것이고, 그럴 경우 혁명의 불씨가 도화선에 닿을 위험이 있었다. 하지만 당신의 신중한 중재와 끈질긴 설득 덕분에, 결국 제국 내 주요 세력들은 일시적인 휴전을 약속하고, 개혁의 첫걸음을 내딛기로 합의했다. 이로써 당신은 제국의 내부 분열을 완화시키는 동시에, 폭력 대신 협력의 길을 모색하는 기반을 마련했다.

그러나 이 과정에서 일부 혁명 세력과의 신뢰는 흔들리기 시작했다. 그들은 당신이 너무 타협적이라고 비난하며, 결국 당신과 혁명가들 간의 갈등이 새로운 긴장으로 자리 잡았다. 당신은 이제 두 세계 사이에서 균형을 잡아야 하는 중대한 과제에 직면했다. 하지만 한편으로는 제국의 미래를 위한 정치적 기반이 마련되었다는 점에서, 당신의 결단이 가져올 긍정적 변화를 기대하게 만들었다.

붉은 달이 점점 기울며 어둠이 깊어지는 가운데, 당신은 다음 단계의 계획을 숙고한다. 제국의 새로운 균형을 유지하며 점진적인 변화를 이끌 것인지, 아니면 혁명과 정치 사이에서 또 다른 결단을 내릴 것인지. 모든 길은 이제 당신의 손에 달려 있다.'),
  (53, 53, '당신은 혁명군 본부로 직접 잠입해 계획을 조율하기로 결단했다. 붉은 달의 어둠을 틈타 적진 깊숙이 들어가야 하는 위험천만한 선택이었지만, 당신은 이것이 혁명의 성공을 좌우할 열쇠임을 직감했다.

잠입 초반, 당신은 혁명군의 경계가 예상보다 더 강화된 것을 느낀다. 본부 주변의 병력 배치는 긴박감이 감돌며, 한 걸음 한 걸음이 조심스러워진다. 하지만 당신이 이전에 혁명군 내부에서 쌓은 신뢰와, 일부 요원들과의 은밀한 연계 덕분에 경비를 교묘히 회피할 수 있었다. 내부에 들어서자마자, 당신은 혁명 지도부의 지도자들과 직접 마주한다. 그들은 당신의 용기와 결단에 경의를 표하면서도, 본부 내부에 배신자가 숨어 있을지도 모른다는 불안을 드러낸다.

당신은 즉시 작전 회의를 소집하고, 각 부대별 위치와 병력 현황, 제국군의 동태에 관한 최신 정보를 취합한다. 기존 계획의 취약점을 지적하며, 보다 과감하고 신속한 공격 방식을 제안한다. 이 과정에서 당신은 혁명군 내에서 전통적인 방식을 고수하려는 일부 간부들과 충돌하지만, 당신의 논리와 진심은 점차 그들의 마음을 움직인다. 긴장감 넘치는 토론 중에도 서로에 대한 깊은 신뢰가 싹트기 시작한다.

한편, 당신의 직접 개입으로 혁명군 내부의 몇몇 잠복된 불신 세력과 배신자들이 드러나 체포된다. 이 일로 인해 혁명군 내 정치적 균형이 크게 흔들리지만, 동시에 내부 결속력은 오히려 강화된다. 당신은 이 과정에서 배신자가 제국과 밀접한 연계가 있었음을 확인하며, 이는 제국 권력층의 분열과 혁명의 확산에 중요한 단서가 된다.

결전의 날이 다가오면서, 당신은 혁명군과의 관계가 깊어졌고, 그들은 당신을 단순한 외부 지휘관이 아닌 ‘혁명의 심장’으로 받아들인다. 하지만 동시에, 이번 잠입과 조율은 당신이 제국 내 당신의 과거 동료들과의 관계에 금이 가는 계기가 되었음을 암시한다. 혁명군 내부의 신뢰와 제국의 정치적 연결망 사이에서 당신은 점점 더 복잡한 운명의 갈림길에 서게 된다.

붉은 달이 다시 떠오르는 그 밤, 당신과 혁명군은 최후의 결전을 준비한다. 그 결전이 성공하느냐 실패하느냐에 따라, 제국과 혁명의 미래는 완전히 달라질 것이다. 새로운 시대의 문턱에서, 당신은 이제 진정한 자유를 향한 마지막 발걸음을 내딛는다.'),
  (54, 54, '당신은 붉은 달이 하늘을 물들이는 그 순간, 직접적인 대결을 피하고 중립 지역으로 발걸음을 옮긴다. 격렬한 전투나 정치적 격변의 한복판에서 한 발짝 떨어져, 상황을 관망하며 정보를 수집하기로 결심한 것이다. 이 선택은 즉각적으로 당신의 주변 인물들에게 혼란과 의문을 불러일으킨다. 동료들은 당신이 배신하거나 두려워서 도망친 것이 아니냐며 의심의 눈초리를 보내고, 적측에서는 당신의 움직임을 주시하며 전략적 가능성을 탐색한다.

중립 지역에 도착한 당신은 다양한 세력의 첩보원들과 은밀히 접촉하며 정보를 모은다. 이 과정에서 당신은 제국 내의 정치 권력층 사이에 숨어 있는 미묘한 균열과, 혁명을 꿈꾸는 반군 세력 내부의 분열, 그리고 외부 이익 집단들의 이해관계가 복잡하게 얽혀 있음을 파악한다. 이런 다층적인 정보 네트워크를 구축하면서 당신은 직접적인 힘의 충돌이 아닌, 정보 전쟁과 심리전에서 우위를 점할 기반을 다진다.

이때, 당신이 중립 지역에 머무르며 신중하게 행동한 점은 동료들과의 관계에 미묘한 영향을 미친다. 일부는 당신의 냉정함과 전략적 판단을 높이 평가해 신뢰를 굳히는 반면, 다른 일부는 감정적으로 실망하거나 불안해하며 거리감을 느낀다. 특히 가장 가까웠던 동료 중 한 명은 당신의 결단에 배신감을 드러내며, 나중에 당신과의 관계에 긴장과 갈등의 씨앗을 남긴다. 이러한 인간관계의 변화는 이후 전개에서 당신이 정치적 상황을 조율하거나 혁명의 불씨를 키울 때 중요한 변수로 작용할 것이다.

중립 지역에서의 정보 수집을 통해, 당신은 제국의 정치적 균형을 재정립할 결정적인 기회를 포착한다. 예를 들어, 권력자 사이의 은밀한 약점이나 반군 내부의 이간책, 외세의 비밀 지원 사실 등을 폭로하거나 역이용할 수 있는 단서를 확보한다. 이 정보를 활용해 당신은 적대적인 양측 모두에게 협상이나 중재를 제안할 수 있으며, 이는 강력한 혁명을 일으키는 대신 정치적 균형을 조정하는 평화로운 결말로 이어질 가능성을 높인다.

마지막으로, 붉은 달 아래에서의 이 침착한 관망과 정보 수집이라는 선택은 당신 스스로의 운명을 개척하는 방식에 깊은 의미를 부여한다. 직접적인 충돌을 피하면서도 운명을 주도하는 지혜와 용기를 보여준 셈이다. 동시에 이 길은 파괴와 희망이 공존하는 새로운 시대를 열기 위한 복잡한 퍼즐 조각을 맞추는 과정이 될 것이다.

다음 장에서는, 당신이 수집한 정보를 바탕으로 제국 내외의 주요 세력과 맞서거나 협력하며, 최종 결단을 내리는 순간이 다가온다. 이때 중립 지역에서의 경험과 인간관계의 변화가 당신의 선택과 행동에 커다란 영향을 미칠 것이다.')
ON CONFLICT (id) DO NOTHING;

-- story_progress: 3 rows
INSERT INTO story_progress (id, user_key, scenario_id, current_chapter_num, current_choice_id, current_detail_id, current_unit_index, total_units, status, last_output, created_at, updated_at, phase) VALUES
  (4, '200', 4, 1, 37, 37, 2, 12, 'IN_PROGRESS', '붉은 달이 떠오른 한밤중, 외딴 산중 낡은 성소에서 ‘잃어버린 성녀 후보’라는 정체성과 기억 상실의 혼란 속에 있던 당신은, 조용히 문을 열고 나타난 황태자 카이렌과 대면했다. 그의 신비로운 황금빛 눈동자와 무거운 비밀이 감도는 말투는 두 사람 사이 긴장과 묘한 운명적 연결을 형성했다. 신전의 추격자가 다가오고 있다는 위기 속에서, 당신은 떨리면서도 단호한 목소리로 카이렌에게 자신의 잃어버린 기억에 대해 직접 묻는다. 그는 잠시 망설이다가 진심 어린 걱정과 함께 “네가 ‘잃어버린 성녀 후보’이고, 그 사실이 모두에게 위험하다는 것만은 확실히 안다”면서도, 기억이 왜 사라졌는지는 알지 못한다고 고백한다. 그러나 당신이 기억을 되찾지 못하면 제국 전체가 위험에 빠진다는 무거운 경고를 남긴다.

이 솔직한 대화는 두 사람 사이에 불안과 신뢰가 교차하는 미묘한 감정을 낳았다. 카이렌은 황실 내부의 복잡한 정치적 음모와 금지된 예언에 관해 조심스레 입을 열며, 당신이 단순한 희생양이 아닌 권력의 중심임을 암시한다. 그러나 그의 부담과 경계심은 여전히 완전히 사라지지 않아, 앞으로의 여정에서 두 사람 사이의 신뢰가 시험받을 것임을 예고한다. 붉은 달빛 아래 성소 안은 긴장감으로 가득 차고, 두 사람의 운명이 더욱 깊게 얽혀가는 순간이 되었다.

한편, 성소 밖에서는 신전의 추격자가 점점 가까워져 바스락거리는 발소리가 긴박함을 더한다. 카이렌은 조심스럽게 손을 내밀며 “내가 네 곁에 있을게. 하지만 너도 나를 믿어줘야 해”라고 간절히 말한다. 그의 눈빛에는 무거운 책임감과 함께, 당신과 함께 맞서 싸우려는 의지가 엿보인다. 그러나 아직 완전한 신뢰는 자리 잡지 못한 상태라, 당신은 이 위기에서 함께 싸울지 혹은 홀로 도망칠지 선택해야 하는 상황에 놓였다.

이 순간, 붉은 달빛 아래서 두 사람은 서로를 시험하며 미묘한 신뢰의 실타래를 엮어가고 있다. 당신의 다음 선택이 앞으로 펼쳐질 운명과 황태자 카이렌과의 관계를 결정짓게 될 것이며, 황실의 음모와 금지된 예언이 드리운 그림자는 점점 더 짙어지고 있다. 긴장과 불안, 복잡한 감정이 뒤섞인 채로, 당신은 다음 행동을 고민하며 불확실한 미래를 맞이한다.', '2026-04-29 21:19:03', '2026-04-29 21:26:29', 'DETAIL'),
  (5, '201', 4, 1, 37, 37, 3, 12, 'IN_PROGRESS', '붉은 달빛이 성소를 붉게 물들이는 가운데, 당신은 더는 머뭇거리지 않고 카이렌 황태자와 함께 준비된 숨겨진 통로로 나아가기로 결심했다. 낡은 문을 조심스레 밀어 열자 차가운 밤바람이 통로 안으로 스며들고, 카이렌은 긴장한 표정으로 뒤를 든든히 지키며 한 걸음씩 조심스럽게 음습하고 미로처럼 얽힌 좁은 통로 속으로 들어갔다. 그는 당신에게 방심하지 말 것을 거듭 경고하며, 이 길에서 당신의 잃어버린 기억과 연결된 단서를 찾는 것이 최우선임을 강조했다. 예상치 못한 위협이 닥치면 즉시 알리라며, 자신이 반드시 뒤를 지키겠다는 굳은 다짐도 함께 전했다.

앞서 당신은 황태자에게 직접 자신의 존재와 잃어버린 기억에 대해 묻는 용기를 냈다. 그의 답변은 단호하면서도 무거운 진심이 담겨 있었다. 당신이 ‘잃어버린 성녀 후보’이며, 그 사실이 모두에게 위험하다는 점을 알지만, 왜 기억이 사라졌는지, 그리고 그 기억을 되찾지 못하면 모두가 큰 위험에 빠질 것이라는 경고였다. 이 대화는 긴장 속에서도 두 사람 사이에 미묘한 신뢰의 씨앗을 심었으나, 황태자의 경계심과 부담이 완전히 해소되지는 않았다. 그는 황실 내부의 정치적 음모와 당신의 기억에 얽힌 비밀을 조심스럽게 암시하며, 앞으로의 여정이 단순한 기억 회복을 넘어 황실의 운명을 뒤흔들 큰 시련임을 예고했다.

지금 이 순간, 차가운 공기와 어둠의 무게가 두 사람을 짓누르지만, 당신은 머뭇거림 없이 붉은 달 아래 미지의 어둠 속으로 발을 내딛었다. 카이렌은 “이 어둠을 지나면 제국의 숨겨진 진실과 마주할 수 있을지도 모른다”며 출발을 권했다. 이 여정은 당신이 잃어버린 기억을 되찾는 동시에 황태자와의 복잡한 관계를 시험하는 길이 될 것이다. 긴장감이 고조된 가운데, 앞으로 펼쳐질 모험은 황실 내부의 음모와 정치적 갈등, 그리고 당신 자신의 정체를 밝히는 중대한 시험으로 점점 더 깊은 어둠 속으로 두 사람을 끌어들인다. 운명의 실타래가 더욱 복잡하게 얽히는 순간, 당신은 신중하면서도 단호한 마음으로 다음 발걸음을 내딛는다.', '2026-04-29 21:36:02', '2026-04-30 14:19:17', 'DETAIL'),
  (6, '203', 4, 1, 37, 37, 3, 12, 'IN_PROGRESS', '붉은 달이 붉게 빛나는 성소에서 ‘잃어버린 성녀 후보’인 당신과 황태자 카이렌은 긴장과 조심스러운 신뢰 속에 대화를 나누었다. 당신이 자신의 기억과 정체에 대해 직접 묻자, 카이렌은 황실과 신전 사이 깊은 균열과 정치적 음모를 털어놓으며, 당신 기억 회복이 제국의 운명을 좌우할 중요한 열쇠임을 강조했다. 두 사람은 완전한 신뢰를 쌓지 못했지만, 서로를 시험하며 협력할 가능성을 남겼다. 깊은 밤, 붉은 달 아래에서 카이렌은 “내가 네 곁에 있을게. 하지만 너도 나를 믿어줘야 해.”라며 무거운 책임감을 드러냈다.

당신은 조심스레 황태자의 눈을 바라보며 폐허로 가자고 결심했고, 카이렌은 그 결정을 환영하며 주머니에서 작은 촛불을 꺼내 불을 붙였다. 그는 “정보가 많다는 건 곧 책임이 따른다는 뜻”이라며, 자신이 아는 것이 전부가 아니며 더 큰 위험을 숨기기 위한 가면일 수도 있다고 경고했다. 폐허로 가는 길이 쉽지 않음을 상기시키며, 경계심을 늦추지 말라고 당부했다. 그러나 그곳에서 당신이 무언가를 찾아낸다면 모두에게 희망이 될 것이라 믿는다며, 촛불을 들고 함께 어둠 속으로 나아가자고 했다.

밤은 여전히 깊고 붉은 달은 하늘을 가르며 긴장감을 더한다. 숲속 옛길과 오래된 폐허는 신전과 황실 간 비밀스러운 거래와 감춰진 권력이 숨 쉬던 장소로, 당신의 잃어버린 기억과 금지된 예언의 단서가 잠들어 있을 가능성이 크다. 그러나 그 진실을 지키려는 어둠의 세력도 만만치 않아 앞으로 펼쳐질 여정은 신뢰와 배신, 희생과 갈등으로 얼룩질 것이다. 당신과 카이렌은 서로를 시험하며 위험을 감수하고, 복잡한 정치적 음모와 신비로운 비밀의 실타래를 풀어나가야 한다.

지금 당신은 촛불을 손에 쥐고 어둠 속으로 발을 내딛으려 한다. 어떤 단서부터 탐색할지, 어떻게 행동할지 결정해야 하는 순간이다. 제국의 운명과 자신의 정체가 이 길 위에서 밝혀질 것이며, 붉은 달 아래에서 긴장감은 더욱 고조되고 있다.', '2026-04-30 14:20:03', '2026-04-30 14:38:44', 'DETAIL')
ON CONFLICT (id) DO NOTHING;

-- story_play_logs: 27 rows
INSERT INTO story_play_logs (id, user_key, scenario_id, chapter_num, choice_id, detail_id, unit_index, user_message, narration_text, dialogue_text, output_text, created_at) VALUES
  (3, '200', 4, 1, NULL, NULL, 1, NULL, '붉은 달이 하늘 깊숙이 떠오른 밤, 외딴 산중의 낡은 성소는 고요함과 함께 묘한 긴장감을 품고 있다. 오래된 돌담과 이끼 낀 창틀 사이로 흐릿하게 스며드는 달빛은 차가운 은빛으로 방 안을 가득 채운다. 당신은 그 한가운데, 기억의 조각들이 엉켜버린 채 앉아 있다. 자신이 ‘잃어버린 성녀 후보’임을 어렴풋이 알지만, 그 정체성과 운명은 아직 안개 속에 가려져 있다. 성소를 둘러싼 침묵 속에서, 당신의 마음은 불안과 의문으로 뒤틀린다. 왜 신전과 황실 모두가 당신을 두려워하는가? 그리고 왜 이곳에 홀로 남겨졌는가?

그 순간, 낡은 나무 문이 천천히, 아주 조용히 열리며 한 인물이 모습을 드러낸다. 황금빛 눈동자가 성소 안을 은은하게 밝히며 들어서는 그는 바로 황태자다. 붉은 달빛 아래서 그의 존재는 마치 그림자처럼 불가사의하고, 동시에 위험한 매력을 발산한다. 두 사람의 눈빛이 마주치는 순간, 무언가 운명적인 연결이 느껴진다. 그는 말을 아끼면서도 당신을 예의주시하는 태도를 보이고, 당신 역시 경계심과 호기심이 뒤섞인 감정으로 그를 바라본다.

성소 안의 공기는 숨 막힐 듯하다. 황태자가 왜 이 먼 산중의 외딴 성소까지 찾아왔는지, 그리고 당신에게 무엇을 원하는지 아직 알 수 없다. 하지만 그의 등장은 분명 새로운 국면을 예고한다. 당신은 그가 가진 의도를 파악하려 애쓰면서도, 잃어버린 기억의 조각을 붙잡으려 애쓴다. 문득, 성소 한쪽 구석에서 오래된 두루마리가 눈에 띈다. 붉은 달빛에 비친 그 두루마리에는 금지된 예언의 흔적이 희미하게 새겨져 있다. 두루마리가 당신과 황태자의 운명을 어떻게 엮을지, 앞으로 어떤 비밀이 드러날지 알 수 없는 상태다.

이 순간, 성소 밖 어딘가에서 바스락거리는 소리가 들린다. 신전에서 보낸 추격자가 가까이 다가오고 있음을 알리는 징후다. 긴장감이 한층 고조된다. 황태자는 당신에게 말을 건네려 하지만, 그 앞에 놓인 불확실한 미래와 경계심 때문에 대화는 쉽지 않다. 당신은 지금 이 상황에서 어떤 행동을 취할지, 누구를 믿고 무엇을 먼저 밝혀내야 할지 고민해야 한다.

이제, 당신 앞에 펼쳐진 이 운명적 만남의 시작점에서, 어떤 마음가짐으로 다음 순간을 맞이할 것인가? 긴장 속에 감도는 무언의 대화가 막 시작되려 한다.', '카이렌: 이곳까지 찾아온 이유를 묻는 것이 먼저겠지. 너 역시 내게 경계심을 품고 있다는 것, 알고 있다.
카이렌: 하지만 지금은 서로의 의도를 숨길 때가 아니다. 신전의 추격자가 가까이 다가오고 있다.
카이렌: 네가 이 금지된 예언과 어떤 연관이 있는지, 그리고 이 성소에 남겨진 이유를 알고 싶다. 말해줄 수 있겠나?
카이렌: 선택은 네 몫이다. 숨고 도망칠 것인가, 아니면 함께 맞서 싸울 것인가. 나는 그 답을 기다리겠다.', '붉은 달이 하늘 깊숙이 떠오른 밤, 외딴 산중의 낡은 성소는 고요함과 함께 묘한 긴장감을 품고 있다. 오래된 돌담과 이끼 낀 창틀 사이로 흐릿하게 스며드는 달빛은 차가운 은빛으로 방 안을 가득 채운다. 당신은 그 한가운데, 기억의 조각들이 엉켜버린 채 앉아 있다. 자신이 ‘잃어버린 성녀 후보’임을 어렴풋이 알지만, 그 정체성과 운명은 아직 안개 속에 가려져 있다. 성소를 둘러싼 침묵 속에서, 당신의 마음은 불안과 의문으로 뒤틀린다. 왜 신전과 황실 모두가 당신을 두려워하는가? 그리고 왜 이곳에 홀로 남겨졌는가?

그 순간, 낡은 나무 문이 천천히, 아주 조용히 열리며 한 인물이 모습을 드러낸다. 황금빛 눈동자가 성소 안을 은은하게 밝히며 들어서는 그는 바로 황태자다. 붉은 달빛 아래서 그의 존재는 마치 그림자처럼 불가사의하고, 동시에 위험한 매력을 발산한다. 두 사람의 눈빛이 마주치는 순간, 무언가 운명적인 연결이 느껴진다. 그는 말을 아끼면서도 당신을 예의주시하는 태도를 보이고, 당신 역시 경계심과 호기심이 뒤섞인 감정으로 그를 바라본다.

성소 안의 공기는 숨 막힐 듯하다. 황태자가 왜 이 먼 산중의 외딴 성소까지 찾아왔는지, 그리고 당신에게 무엇을 원하는지 아직 알 수 없다. 하지만 그의 등장은 분명 새로운 국면을 예고한다. 당신은 그가 가진 의도를 파악하려 애쓰면서도, 잃어버린 기억의 조각을 붙잡으려 애쓴다. 문득, 성소 한쪽 구석에서 오래된 두루마리가 눈에 띈다. 붉은 달빛에 비친 그 두루마리에는 금지된 예언의 흔적이 희미하게 새겨져 있다. 두루마리가 당신과 황태자의 운명을 어떻게 엮을지, 앞으로 어떤 비밀이 드러날지 알 수 없는 상태다.

이 순간, 성소 밖 어딘가에서 바스락거리는 소리가 들린다. 신전에서 보낸 추격자가 가까이 다가오고 있음을 알리는 징후다. 긴장감이 한층 고조된다. 황태자는 당신에게 말을 건네려 하지만, 그 앞에 놓인 불확실한 미래와 경계심 때문에 대화는 쉽지 않다. 당신은 지금 이 상황에서 어떤 행동을 취할지, 누구를 믿고 무엇을 먼저 밝혀내야 할지 고민해야 한다.

이제, 당신 앞에 펼쳐진 이 운명적 만남의 시작점에서, 어떤 마음가짐으로 다음 순간을 맞이할 것인가? 긴장 속에 감도는 무언의 대화가 막 시작되려 한다.

카이렌: 이곳까지 찾아온 이유를 묻는 것이 먼저겠지. 너 역시 내게 경계심을 품고 있다는 것, 알고 있다.
카이렌: 하지만 지금은 서로의 의도를 숨길 때가 아니다. 신전의 추격자가 가까이 다가오고 있다.
카이렌: 네가 이 금지된 예언과 어떤 연관이 있는지, 그리고 이 성소에 남겨진 이유를 알고 싶다. 말해줄 수 있겠나?
카이렌: 선택은 네 몫이다. 숨고 도망칠 것인가, 아니면 함께 맞서 싸울 것인가. 나는 그 답을 기다리겠다.', '2026-04-29 21:19:26'),
  (4, '200', 4, 1, 37, 37, 2, '1. 황태자에게 자신의 기억에 대해 직접 묻는다. 선택. 사용자 반응: 나는 카이렌을 똑바로 바라보며 묻는다. 당신은 내 잃어버린 기억에 대해 뭔가 알고 있나요?', '붉은 달빛 아래, 당신의 목소리는 조심스러우면서도 단호하게 성소 안의 정적을 깨뜨린다. 황태자 카이렌은 잠시 당신을 응시하다가 깊은 한숨을 내쉰다. 그의 눈동자에는 무거운 비밀과 복잡한 감정이 서려 있다. 그는 말문을 열지만, 그 말들은 신중하게 골라진 듯 느리게 흘러나온다. 당신이 묻는 기억에 대해, 그는 확신에 찬 답변 대신 애매한 조각들만을 내놓는다. ‘잃어버린 성녀 후보’라는 말은 분명하지만, 왜 당신의 기억이 사라졌는지는 그도 알지 못한다는 것이다. 그러나 그가 경계하는 것은 분명하다. 당신이 기억을 되찾지 못하면 제국 전체가 위험에 빠질 것이라는 무게감이 그의 말 속에 묻어난다.

당신이 카이렌의 말을 받아들이며 동시에 의심하는 눈빛을 거두지 않자, 그는 잠시 망설인다. 그의 얼굴에는 책임감과 부담이 뒤섞여 있으며, 자신도 이 상황이 얼마나 복잡한지 잘 알고 있음을 숨기지 못한다. 이 대화는 두 사람 사이에 미묘한 신뢰와 불안을 동시에 심는다. 당신은 황태자가 단순한 적이 아니라, 어쩌면 당신을 지키고 함께 싸워야 할 동반자일 수도 있다는 가능성을 느낀다.

그러나 그가 털어놓은 황실 내부의 음모와 금지된 예언에 관한 조심스러운 언급은 당신의 불안감을 증폭시킨다. 그는 예언이 단순한 운명이 아니라 권력의 도구가 되고 있음을 알린다. 황실과 신전 양쪽 모두 당신을 이용하려 하고, 누군가는 당신의 힘을 두려워해 제거하려 한다는 사실이 점차 선명해진다. 붉은 달이 은은히 비추는 성소 안은 긴장감으로 가득 찬 채, 두 사람의 숨결이 맞닿는 듯하다.

그때, 성소 밖에서 바스락거리는 발소리가 더욱 선명해진다. 신전의 추격자가 가까워지고 있음을 알리는 신호다. 카이렌은 당신에게 조심스럽게 손을 내밀며, 이 위기에서 함께 맞서 싸우자고 제안한다. 그의 눈빛에는 간절함과 동시에 경계가 서려 있다. 그는 당신이 자신을 믿어주기를 바라지만, 그 믿음이 아직 완전히 자리 잡지는 않은 상태다.

여기서 당신은 다시 한번 선택의 기로에 선다. 카이렌과 손을 잡고 신전의 추격자와 맞서 싸울 것인지, 아니면 이 기회를 틈타 홀로 도망쳐 숨을 것인지. 그 사이 긴장과 불안이 점점 짙어지고, 붉은 달빛 아래 두 사람의 운명이 더욱 복잡하게 얽혀간다. 당신의 다음 행동에 따라, 카이렌의 태도도 미묘하게 달라질 것이다. 지금은 그와의 미묘한 신뢰의 실타래가 천천히 엮이는 순간이다.', '카이렌: 네 눈을 피하지 않고 묻는군. 네 기억에 대해 내가 아는 것은 제한적이다.
카이렌: 네가 왜 이토록 중요한지, 그리고 그 기억이 얼마나 위험한지를 나는 알고 있다.
카이렌: 그러나 그 기억의 조각들이 왜 사라졌는지는 나도 확실히 알지 못한다.
카이렌: 다만, 네가 그 기억을 되찾지 못하면 우리 모두가 어둠 속으로 빠질 거라는 점만은 분명하다.
카이렌: 지금은 서로를 완전히 믿기 어렵겠지만, 이 위기에서 나와 함께할 생각인가?', '붉은 달빛 아래, 당신의 목소리는 조심스러우면서도 단호하게 성소 안의 정적을 깨뜨린다. 황태자 카이렌은 잠시 당신을 응시하다가 깊은 한숨을 내쉰다. 그의 눈동자에는 무거운 비밀과 복잡한 감정이 서려 있다. 그는 말문을 열지만, 그 말들은 신중하게 골라진 듯 느리게 흘러나온다. 당신이 묻는 기억에 대해, 그는 확신에 찬 답변 대신 애매한 조각들만을 내놓는다. ‘잃어버린 성녀 후보’라는 말은 분명하지만, 왜 당신의 기억이 사라졌는지는 그도 알지 못한다는 것이다. 그러나 그가 경계하는 것은 분명하다. 당신이 기억을 되찾지 못하면 제국 전체가 위험에 빠질 것이라는 무게감이 그의 말 속에 묻어난다.

당신이 카이렌의 말을 받아들이며 동시에 의심하는 눈빛을 거두지 않자, 그는 잠시 망설인다. 그의 얼굴에는 책임감과 부담이 뒤섞여 있으며, 자신도 이 상황이 얼마나 복잡한지 잘 알고 있음을 숨기지 못한다. 이 대화는 두 사람 사이에 미묘한 신뢰와 불안을 동시에 심는다. 당신은 황태자가 단순한 적이 아니라, 어쩌면 당신을 지키고 함께 싸워야 할 동반자일 수도 있다는 가능성을 느낀다.

그러나 그가 털어놓은 황실 내부의 음모와 금지된 예언에 관한 조심스러운 언급은 당신의 불안감을 증폭시킨다. 그는 예언이 단순한 운명이 아니라 권력의 도구가 되고 있음을 알린다. 황실과 신전 양쪽 모두 당신을 이용하려 하고, 누군가는 당신의 힘을 두려워해 제거하려 한다는 사실이 점차 선명해진다. 붉은 달이 은은히 비추는 성소 안은 긴장감으로 가득 찬 채, 두 사람의 숨결이 맞닿는 듯하다.

그때, 성소 밖에서 바스락거리는 발소리가 더욱 선명해진다. 신전의 추격자가 가까워지고 있음을 알리는 신호다. 카이렌은 당신에게 조심스럽게 손을 내밀며, 이 위기에서 함께 맞서 싸우자고 제안한다. 그의 눈빛에는 간절함과 동시에 경계가 서려 있다. 그는 당신이 자신을 믿어주기를 바라지만, 그 믿음이 아직 완전히 자리 잡지는 않은 상태다.

여기서 당신은 다시 한번 선택의 기로에 선다. 카이렌과 손을 잡고 신전의 추격자와 맞서 싸울 것인지, 아니면 이 기회를 틈타 홀로 도망쳐 숨을 것인지. 그 사이 긴장과 불안이 점점 짙어지고, 붉은 달빛 아래 두 사람의 운명이 더욱 복잡하게 얽혀간다. 당신의 다음 행동에 따라, 카이렌의 태도도 미묘하게 달라질 것이다. 지금은 그와의 미묘한 신뢰의 실타래가 천천히 엮이는 순간이다.

카이렌: 네 눈을 피하지 않고 묻는군. 네 기억에 대해 내가 아는 것은 제한적이다.
카이렌: 네가 왜 이토록 중요한지, 그리고 그 기억이 얼마나 위험한지를 나는 알고 있다.
카이렌: 그러나 그 기억의 조각들이 왜 사라졌는지는 나도 확실히 알지 못한다.
카이렌: 다만, 네가 그 기억을 되찾지 못하면 우리 모두가 어둠 속으로 빠질 거라는 점만은 분명하다.
카이렌: 지금은 서로를 완전히 믿기 어렵겠지만, 이 위기에서 나와 함께할 생각인가?', '2026-04-29 21:26:29'),
  (5, '201', 4, 1, NULL, NULL, 1, NULL, '어둠이 깔린 산중의 낡은 성소 안, 차가운 돌바닥 위에 홀로 앉아 있는 당신의 숨결이 조용히 퍼진다. 기억은 희미하고, 주변의 모든 것은 낯설게만 느껴진다. 붉은 달빛이 창문 너머로 은은하게 들어와, 오래된 벽돌과 부서진 성소의 흔적들을 붉게 물들인다. 무거운 침묵 속에서, 당신은 자신이 ‘잃어버린 성녀 후보’임을 어렴풋이 느끼지만, 그 이유도, 과거도 알 수 없다.

그때, 문이 조심스레 열리고, 황금빛 눈동자를 지닌 젊은 황태자가 낮은 목소리와 함께 성소 안으로 들어선다. 그의 시선은 경계와 호기심이 뒤섞여 있으며, 당신에게 다가오는 걸음을 멈추고 숨을 고른다. 그는 말을 아끼지만 분명한 목적을 지닌 듯, 긴장감이 성소 안에 미묘하게 감돈다. 당신의 가슴은 빠르게 뛰기 시작하고, 두 사람 사이에 말없이 교차하는 의심과 기대가 조용히 부풀어 오른다.', '카이렌: 여기서 홀로 있는 네 모습이 낯설지 않다. 기억을 잃었다고 했지? 그 말이 사실이라면, 네가 어떤 존재인지 더욱 신중히 살펴야 할 것이다.
카이렌: 나는 카이렌, 이 제국의 황태자다. 나를 경계하는 것은 당연하다. 하지만 지금은 네가 위험에 처해 있다. 네가 어떤 존재인지, 함께 알아내야 하지 않겠나?
카이렌: 붉은 달은 단순한 현상이 아니다. 그것과 네가 어떤 관계인지, 조금씩 말해줄 수 있겠나?', '어둠이 깔린 산중의 낡은 성소 안, 차가운 돌바닥 위에 홀로 앉아 있는 당신의 숨결이 조용히 퍼진다. 기억은 희미하고, 주변의 모든 것은 낯설게만 느껴진다. 붉은 달빛이 창문 너머로 은은하게 들어와, 오래된 벽돌과 부서진 성소의 흔적들을 붉게 물들인다. 무거운 침묵 속에서, 당신은 자신이 ‘잃어버린 성녀 후보’임을 어렴풋이 느끼지만, 그 이유도, 과거도 알 수 없다.

그때, 문이 조심스레 열리고, 황금빛 눈동자를 지닌 젊은 황태자가 낮은 목소리와 함께 성소 안으로 들어선다. 그의 시선은 경계와 호기심이 뒤섞여 있으며, 당신에게 다가오는 걸음을 멈추고 숨을 고른다. 그는 말을 아끼지만 분명한 목적을 지닌 듯, 긴장감이 성소 안에 미묘하게 감돈다. 당신의 가슴은 빠르게 뛰기 시작하고, 두 사람 사이에 말없이 교차하는 의심과 기대가 조용히 부풀어 오른다.

카이렌: 여기서 홀로 있는 네 모습이 낯설지 않다. 기억을 잃었다고 했지? 그 말이 사실이라면, 네가 어떤 존재인지 더욱 신중히 살펴야 할 것이다.
카이렌: 나는 카이렌, 이 제국의 황태자다. 나를 경계하는 것은 당연하다. 하지만 지금은 네가 위험에 처해 있다. 네가 어떤 존재인지, 함께 알아내야 하지 않겠나?
카이렌: 붉은 달은 단순한 현상이 아니다. 그것과 네가 어떤 관계인지, 조금씩 말해줄 수 있겠나?', '2026-04-29 21:36:18'),
  (6, '201', 4, 1, 37, 37, 2, '1. 황태자에게 자신의 기억에 대해 직접 묻는다. 선택. 사용자 반응: 나는 카이렌을 똑바로 바라보며 묻는다. 당신은 내 잃어버린 기억에 대해 뭔가 알고 있나요?', '당신의 눈빛이 단호하게 황태자를 사로잡는다. 순간 그의 표정이 미묘하게 흔들린다. 깊은 숨을 내쉬며 말문을 여는 그의 입술 끝에는 무거운 고민과 진심 어린 걱정이 서려 있다. 그는 당신이 ‘잃어버린 성녀 후보’임을 알고 있으며, 그 사실이 황실과 신전 모두에게 얼마나 위험한 일인지를 조심스럽게 전하려 한다. 하지만 동시에 그가 말하지 못하는, 기억 속에 감춰진 더 어두운 진실이 있다는 것도 느껴진다.

방 안 공기는 무거워지고, 붉은 달빛이 두 사람의 얼굴을 붉게 물들인다. 카이렌은 당신을 향해 조심스럽게 손을 내밀고, 신뢰를 요청하는 듯한 눈빛으로 당신을 응시한다. 그러나 그 시선 속에는 여전히 경계와 의심이 서려 있어, 두 사람 사이에 완전한 믿음이 자리 잡기까지는 아직 많은 시간이 필요할 듯하다.

당신의 질문에 대한 그의 답변은 앞으로의 여정에 무게를 더하며, 당신이 잃어버린 기억과 그 비밀이 단순한 개인의 문제가 아니라 제국 전체의 운명과 깊이 연결되어 있음을 암시한다. 긴장이 감도는 침묵 속, 당신과 황태자의 관계는 이제 막 미묘하게 균열을 메우기 시작한 상태다.', '카이렌: 네가 ‘잃어버린 성녀 후보’라는 것, 그리고 그 사실이 모두에게 위험하다는 것만은 확실히 알고 있다.
카이렌: 네 기억이 왜 사라졌는지는 아직 알 수 없지만, 그 답을 찾지 못한다면 우리 모두가 큰 위험에 빠질 수밖에 없다.
카이렌: 너도 알겠지만, 이 일은 단순한 개인의 문제가 아니다. 신중히 행동해야 한다. 내가 네 곁에 있을 테니, 믿음을 보일 용의가 있겠나?', '당신의 눈빛이 단호하게 황태자를 사로잡는다. 순간 그의 표정이 미묘하게 흔들린다. 깊은 숨을 내쉬며 말문을 여는 그의 입술 끝에는 무거운 고민과 진심 어린 걱정이 서려 있다. 그는 당신이 ‘잃어버린 성녀 후보’임을 알고 있으며, 그 사실이 황실과 신전 모두에게 얼마나 위험한 일인지를 조심스럽게 전하려 한다. 하지만 동시에 그가 말하지 못하는, 기억 속에 감춰진 더 어두운 진실이 있다는 것도 느껴진다.

방 안 공기는 무거워지고, 붉은 달빛이 두 사람의 얼굴을 붉게 물들인다. 카이렌은 당신을 향해 조심스럽게 손을 내밀고, 신뢰를 요청하는 듯한 눈빛으로 당신을 응시한다. 그러나 그 시선 속에는 여전히 경계와 의심이 서려 있어, 두 사람 사이에 완전한 믿음이 자리 잡기까지는 아직 많은 시간이 필요할 듯하다.

당신의 질문에 대한 그의 답변은 앞으로의 여정에 무게를 더하며, 당신이 잃어버린 기억과 그 비밀이 단순한 개인의 문제가 아니라 제국 전체의 운명과 깊이 연결되어 있음을 암시한다. 긴장이 감도는 침묵 속, 당신과 황태자의 관계는 이제 막 미묘하게 균열을 메우기 시작한 상태다.

카이렌: 네가 ‘잃어버린 성녀 후보’라는 것, 그리고 그 사실이 모두에게 위험하다는 것만은 확실히 알고 있다.
카이렌: 네 기억이 왜 사라졌는지는 아직 알 수 없지만, 그 답을 찾지 못한다면 우리 모두가 큰 위험에 빠질 수밖에 없다.
카이렌: 너도 알겠지만, 이 일은 단순한 개인의 문제가 아니다. 신중히 행동해야 한다. 내가 네 곁에 있을 테니, 믿음을 보일 용의가 있겠나?', '2026-04-29 21:37:16'),
  (7, '201', 4, 1, 37, 37, 3, '제가 당신을 믿어도 될까요? 저를 이용하시려는건 아닌지...', '붉은 달빛 아래, 카이렌의 눈동자가 미묘하게 흔들린다. 당신의 질문은 그에게 무거운 책임감뿐 아니라 숨겨진 불안까지 불러일으켰다. 잠시 침묵이 흐르고, 그의 표정에는 진심과 갈등이 교차한다. 그는 자신도 모르게 손가락을 꼼지락거리며, 한마디 한마디를 신중히 고르는 듯하다. “네가 나를 의심하는 건 당연하다”는 듯, 그의 목소리에는 솔직한 자기 고백과 함께, 당신에게 진심으로 다가가려는 노력이 담겨 있다.

그의 말은 따뜻하면서도 경계심을 완전히 거두지 않는 묘한 긴장감을 자아낸다. 카이렌은 당신을 이용하려는 속셈이 없음을 강조하지만, 동시에 황실 내부의 복잡한 정치적 계산과 자신 역시 완전한 자유가 없음을 암시한다. 그가 내민 손끝에는 신뢰를 요청하는 간절함과, 앞으로 함께 걸어야 할 길의 무게가 묻어난다. 당신의 반응에 따라 그의 태도는 조금씩 달라질 것이다.

성소 안, 차가운 공기와 붉은 달빛이 어우러진 공간에서 두 사람의 거리는 조금 좁혀졌지만, 완전한 신뢰는 아직 멀어 보인다. 이 순간은 앞으로 이어질 긴 여정의 시작점이자, 서로가 상대의 진심을 시험하는 미묘한 균형선 위에 서 있음을 느끼게 한다.', '카이렌: 네 의심은 당연하다. 나 역시 너를 완전히 신뢰하지 못하는 것이 현실이다.
카이렌: 하지만 지금은 서로의 힘이 필요한 시점이다. 나를 믿지 못한다면, 그저 조심스레 다가와주길 바란다.
카이렌: 이용하려는 의도라면 이미 너를 멀리했을 것이다. 지금은 그 이상의 무게가 우리에게 달려 있다.', '붉은 달빛 아래, 카이렌의 눈동자가 미묘하게 흔들린다. 당신의 질문은 그에게 무거운 책임감뿐 아니라 숨겨진 불안까지 불러일으켰다. 잠시 침묵이 흐르고, 그의 표정에는 진심과 갈등이 교차한다. 그는 자신도 모르게 손가락을 꼼지락거리며, 한마디 한마디를 신중히 고르는 듯하다. “네가 나를 의심하는 건 당연하다”는 듯, 그의 목소리에는 솔직한 자기 고백과 함께, 당신에게 진심으로 다가가려는 노력이 담겨 있다.

그의 말은 따뜻하면서도 경계심을 완전히 거두지 않는 묘한 긴장감을 자아낸다. 카이렌은 당신을 이용하려는 속셈이 없음을 강조하지만, 동시에 황실 내부의 복잡한 정치적 계산과 자신 역시 완전한 자유가 없음을 암시한다. 그가 내민 손끝에는 신뢰를 요청하는 간절함과, 앞으로 함께 걸어야 할 길의 무게가 묻어난다. 당신의 반응에 따라 그의 태도는 조금씩 달라질 것이다.

성소 안, 차가운 공기와 붉은 달빛이 어우러진 공간에서 두 사람의 거리는 조금 좁혀졌지만, 완전한 신뢰는 아직 멀어 보인다. 이 순간은 앞으로 이어질 긴 여정의 시작점이자, 서로가 상대의 진심을 시험하는 미묘한 균형선 위에 서 있음을 느끼게 한다.

카이렌: 네 의심은 당연하다. 나 역시 너를 완전히 신뢰하지 못하는 것이 현실이다.
카이렌: 하지만 지금은 서로의 힘이 필요한 시점이다. 나를 믿지 못한다면, 그저 조심스레 다가와주길 바란다.
카이렌: 이용하려는 의도라면 이미 너를 멀리했을 것이다. 지금은 그 이상의 무게가 우리에게 달려 있다.', '2026-04-29 21:40:13'),
  (8, '201', 4, 1, 37, 37, 3, '좋아요. 제국의 평화를 위해서라면 이용당하는 것 정도야 못할 것도 없죠. 지금 당장 믿을 수는 없으니까요.', '붉은 달빛이 여전히 창문 너머로 은은히 스며드는 성소 안, 당신의 말에 카이렌은 잠시 눈을 깜빡이며 한숨을 내쉰다. ‘이용당하는 것쯤은 감내할 수 있다’는 당신의 태도에, 그의 얼굴에는 묘한 안도감과 동시에 깊은 슬픔이 교차한다. 그는 입꼬리를 살짝 올렸다가 이내 내리며, 당신의 말이 결코 가벼운 동의가 아님을 알고 있다는 듯 조심스러운 어조로 답하려 한다. 그가 전하려는 말에는, 제국의 평화를 위한 무거운 희생과, 각자의 불신 속에서도 함께 걸어야 할 긴 여정의 무게가 담겨 있다.

그 순간, 카이렌의 시선은 흔들리면서도 단단해진다. 그는 당신을 향해 한 걸음 다가서며, ‘서로가 완벽히 믿지 못하는 상황에서도 이 한밤의 동맹은 필수적이다’라는 무언의 메시지를 전한다. 그의 목소리에는 책임감과 결단이 깃들어 있지만, 숨겨진 두려움도 엿보인다. 여전히 마음 한켠에는 당신에 대한 의심과 경계가 남아 있으며, 그만큼 당신 역시 그의 진심을 시험할 시간이 필요함을 암시한다.

성소 안의 공기는 잠시 묵직한 침묵으로 감싸인다. 붉은 달빛 아래, 두 사람 사이에 맺어진 말없는 약속과 불안한 동맹의 실타래가 조용히 풀리기 시작하는 순간이다. 당신의 선택은 앞으로 펼쳐질 위기와 진실의 문을 열 열쇠가 될 테고, 카이렌은 그 길의 동반자이자 때로는 거울이 되어줄 것이다.', '카이렌: 그 말에 담긴 결의가 느껴진다.
카이렌: 이용당하는 것쯤은 감내할 수 있다는 태도, 그 무게를 잊지 말아 달라.
카이렌: 이 길이 쉽지 않다는 걸 나도 잘 안다. 하지만 함께라면, 조금은 다를지도 모른다.
카이렌: 네가 준비될 때까지 나는 여기서 기다리겠다.', '붉은 달빛이 여전히 창문 너머로 은은히 스며드는 성소 안, 당신의 말에 카이렌은 잠시 눈을 깜빡이며 한숨을 내쉰다. ‘이용당하는 것쯤은 감내할 수 있다’는 당신의 태도에, 그의 얼굴에는 묘한 안도감과 동시에 깊은 슬픔이 교차한다. 그는 입꼬리를 살짝 올렸다가 이내 내리며, 당신의 말이 결코 가벼운 동의가 아님을 알고 있다는 듯 조심스러운 어조로 답하려 한다. 그가 전하려는 말에는, 제국의 평화를 위한 무거운 희생과, 각자의 불신 속에서도 함께 걸어야 할 긴 여정의 무게가 담겨 있다.

그 순간, 카이렌의 시선은 흔들리면서도 단단해진다. 그는 당신을 향해 한 걸음 다가서며, ‘서로가 완벽히 믿지 못하는 상황에서도 이 한밤의 동맹은 필수적이다’라는 무언의 메시지를 전한다. 그의 목소리에는 책임감과 결단이 깃들어 있지만, 숨겨진 두려움도 엿보인다. 여전히 마음 한켠에는 당신에 대한 의심과 경계가 남아 있으며, 그만큼 당신 역시 그의 진심을 시험할 시간이 필요함을 암시한다.

성소 안의 공기는 잠시 묵직한 침묵으로 감싸인다. 붉은 달빛 아래, 두 사람 사이에 맺어진 말없는 약속과 불안한 동맹의 실타래가 조용히 풀리기 시작하는 순간이다. 당신의 선택은 앞으로 펼쳐질 위기와 진실의 문을 열 열쇠가 될 테고, 카이렌은 그 길의 동반자이자 때로는 거울이 되어줄 것이다.

카이렌: 그 말에 담긴 결의가 느껴진다.
카이렌: 이용당하는 것쯤은 감내할 수 있다는 태도, 그 무게를 잊지 말아 달라.
카이렌: 이 길이 쉽지 않다는 걸 나도 잘 안다. 하지만 함께라면, 조금은 다를지도 모른다.
카이렌: 네가 준비될 때까지 나는 여기서 기다리겠다.', '2026-04-29 21:43:44'),
  (9, '201', 4, 1, 37, 37, 3, '우선 뭘 해야 할까요?', '붉은 달빛이 여전히 성소의 낡은 벽을 붉게 물들이고, 두 사람 사이에 묵직한 긴장감이 감돈다. 당신이 조심스레 “우선 뭘 해야 할까요?”라고 묻자, 카이렌은 잠시 눈을 감았다 뜨며 깊은 고민에 잠긴 듯하다. 그의 표정에는 무거운 책임감과 불확실성이 교차하지만, 이내 단호하게 입을 열며 지금 당장 가장 시급한 일이 무엇인지 조심스럽게 설명하려 한다. 그는 신전과 황실 모두가 움직임을 예의주시하는 이 시점에서, 당신이 잃어버린 기억의 단서를 찾는 것이 첫걸음임을 강조한다.

카이렌은 성소를 나서기 전, 주변을 살피며 조용히 성소 외곽에 숨겨진 작은 비밀 통로에 대해 이야기한다. 그곳은 오래전부터 황실 내 음모를 파헤치는 데 중요한 단서가 될 수 있는 장소라며, 하지만 동시에 위험이 도사리고 있어 신중해야 한다고 경고한다. 당신의 몸짓이나 말투에 따라 그는 당신의 결의와 준비 상태를 가늠하며, 함께 움직일 준비가 되었는지 묻는 듯한 눈빛을 보낸다. 이 순간, 두 사람의 동맹은 여전히 불완전하지만, 앞으로의 여정에 필요한 신뢰와 협력의 첫 단추를 꿰는 중이다.', '카이렌: 우선 너의 기억을 되찾는 것이 가장 시급하다.
카이렌: 성소 밖에 오래전부터 알려지지 않은 작은 통로가 있다. 그곳에 단서가 숨어 있을 가능성이 크다.
카이렌: 하지만 그 길은 위험하다. 준비가 되었다면 함께 가야 한다고 생각한다. 너는 어떻게 생각하나?', '붉은 달빛이 여전히 성소의 낡은 벽을 붉게 물들이고, 두 사람 사이에 묵직한 긴장감이 감돈다. 당신이 조심스레 “우선 뭘 해야 할까요?”라고 묻자, 카이렌은 잠시 눈을 감았다 뜨며 깊은 고민에 잠긴 듯하다. 그의 표정에는 무거운 책임감과 불확실성이 교차하지만, 이내 단호하게 입을 열며 지금 당장 가장 시급한 일이 무엇인지 조심스럽게 설명하려 한다. 그는 신전과 황실 모두가 움직임을 예의주시하는 이 시점에서, 당신이 잃어버린 기억의 단서를 찾는 것이 첫걸음임을 강조한다.

카이렌은 성소를 나서기 전, 주변을 살피며 조용히 성소 외곽에 숨겨진 작은 비밀 통로에 대해 이야기한다. 그곳은 오래전부터 황실 내 음모를 파헤치는 데 중요한 단서가 될 수 있는 장소라며, 하지만 동시에 위험이 도사리고 있어 신중해야 한다고 경고한다. 당신의 몸짓이나 말투에 따라 그는 당신의 결의와 준비 상태를 가늠하며, 함께 움직일 준비가 되었는지 묻는 듯한 눈빛을 보낸다. 이 순간, 두 사람의 동맹은 여전히 불완전하지만, 앞으로의 여정에 필요한 신뢰와 협력의 첫 단추를 꿰는 중이다.

카이렌: 우선 너의 기억을 되찾는 것이 가장 시급하다.
카이렌: 성소 밖에 오래전부터 알려지지 않은 작은 통로가 있다. 그곳에 단서가 숨어 있을 가능성이 크다.
카이렌: 하지만 그 길은 위험하다. 준비가 되었다면 함께 가야 한다고 생각한다. 너는 어떻게 생각하나?', '2026-04-30 14:05:28'),
  (10, '201', 4, 1, 37, 37, 3, '저도 어서 제 기억을 되찾고 싶어요.', '붉은 달빛 아래서 당신의 결의가 더욱 선명하게 빛난다. 카이렌은 당신의 말에 미묘한 안도감을 느끼며, 잠시 눈을 맞추고는 조심스러운 어조로 준비 상황과 위험에 대해 다시 한번 상기시킨다. 그의 목소리에는 동료로서의 책임감과 앞으로 닥칠 시련에 대한 무거운 예감이 함께 묻어난다. 두 사람 사이에 얼어붙었던 긴장이 조금씩 녹아내리며, 앞으로 함께 나아가야 할 길에 대한 무언의 약속이 맺어진다.', '카이렌: 그 말이 다행이다. 기억을 잃은 너를 이끌어야 할 책임이 내게도 있다.
카이렌: 서두르지 말고, 신중히 준비해야 한다. 성소 밖 통로에서 무슨 일이 벌어질지 알 수 없으니 말이다.
카이렌: 네가 진심이라면, 함께 그 길을 걸어가자. 준비가 되었을 때 알려주게.', '붉은 달빛 아래서 당신의 결의가 더욱 선명하게 빛난다. 카이렌은 당신의 말에 미묘한 안도감을 느끼며, 잠시 눈을 맞추고는 조심스러운 어조로 준비 상황과 위험에 대해 다시 한번 상기시킨다. 그의 목소리에는 동료로서의 책임감과 앞으로 닥칠 시련에 대한 무거운 예감이 함께 묻어난다. 두 사람 사이에 얼어붙었던 긴장이 조금씩 녹아내리며, 앞으로 함께 나아가야 할 길에 대한 무언의 약속이 맺어진다.

카이렌: 그 말이 다행이다. 기억을 잃은 너를 이끌어야 할 책임이 내게도 있다.
카이렌: 서두르지 말고, 신중히 준비해야 한다. 성소 밖 통로에서 무슨 일이 벌어질지 알 수 없으니 말이다.
카이렌: 네가 진심이라면, 함께 그 길을 걸어가자. 준비가 되었을 때 알려주게.', '2026-04-30 14:09:38'),
  (11, '201', 4, 1, 37, 37, 3, '어서 가시죠', '붉은 달빛이 깔린 성소 안, 당신의 결단에 카이렌은 잠시 놀란 듯 눈을 크게 뜬 후 고개를 끄덕인다. 그의 표정에는 긴장과 결의가 뒤섞여 있으며, 조심스레 문 쪽을 향해 몸을 돌린다. 두 사람 사이에 묵직한 침묵이 감돌다가, 카이렌이 낮은 목소리로 마지막으로 주변 상황을 점검하며 준비 태세를 갖춰가고 있다. 바깥의 어둠 속에서는 희미한 바람 소리만이 들려오고, 앞으로 펼쳐질 위험한 여정의 무게가 두 사람 어깨에 천천히 내려앉는다.', '카이렌: 네 결심이 확고해 보여 다행이다.
카이렌: 하지만 서두르지 말자. 준비가 미흡하면 오히려 위험만 커질 뿐이다.
카이렌: 잠시만 더 점검하고, 내가 네 곁을 지킬 테니 마음을 다잡도록 하자.', '붉은 달빛이 깔린 성소 안, 당신의 결단에 카이렌은 잠시 놀란 듯 눈을 크게 뜬 후 고개를 끄덕인다. 그의 표정에는 긴장과 결의가 뒤섞여 있으며, 조심스레 문 쪽을 향해 몸을 돌린다. 두 사람 사이에 묵직한 침묵이 감돌다가, 카이렌이 낮은 목소리로 마지막으로 주변 상황을 점검하며 준비 태세를 갖춰가고 있다. 바깥의 어둠 속에서는 희미한 바람 소리만이 들려오고, 앞으로 펼쳐질 위험한 여정의 무게가 두 사람 어깨에 천천히 내려앉는다.

카이렌: 네 결심이 확고해 보여 다행이다.
카이렌: 하지만 서두르지 말자. 준비가 미흡하면 오히려 위험만 커질 뿐이다.
카이렌: 잠시만 더 점검하고, 내가 네 곁을 지킬 테니 마음을 다잡도록 하자.', '2026-04-30 14:10:12'),
  (12, '201', 4, 1, 37, 37, 3, '좋아요. 더 기다리지 말고 바로 그 통로로 가요. 제가 앞장설게요.', '붉은 달빛이 성소 안 가득 퍼진 가운데, 당신의 단호한 말에 카이렌의 눈빛이 단번에 달라진다. 그는 잠시 망설이다가도 곧 굳은 결심을 드러내며 고개를 끄덕인다. 당신이 앞장서자, 카이렌은 조심스럽게 뒤를 따르며 주변을 예의주시한다. 낡은 문을 열자 차가운 밤바람이 밀려들고, 희미한 바람 소리와 함께 어둠 속에 감춰진 작은 통로가 모습을 드러낸다. 이 통로는 오래 전부터 숨겨져 있었고, 그 안에는 당신의 기억과 황실의 음모를 밝힐 단서가 숨어 있을 가능성이 크다. 그러나 그만큼 위험도 도사리고 있음을 두 사람 모두 느낀다. 긴장된 숨결 속에 첫 발을 내딛는 순간, 붉은 달빛이 더욱 선명하게 길을 비추며 운명의 여정이 본격적으로 시작된다.', '카이렌: 네가 앞장서겠다는 의지, 존중한다.
카이렌: 하지만 반드시 조심해야 한다. 이 통로는 오래전부터 숨겨져 있었고, 어떤 위험이 도사리고 있을지 모른다.
카이렌: 내가 뒤를 지킬 테니, 천천히 움직이자. 준비됐나?', '붉은 달빛이 성소 안 가득 퍼진 가운데, 당신의 단호한 말에 카이렌의 눈빛이 단번에 달라진다. 그는 잠시 망설이다가도 곧 굳은 결심을 드러내며 고개를 끄덕인다. 당신이 앞장서자, 카이렌은 조심스럽게 뒤를 따르며 주변을 예의주시한다. 낡은 문을 열자 차가운 밤바람이 밀려들고, 희미한 바람 소리와 함께 어둠 속에 감춰진 작은 통로가 모습을 드러낸다. 이 통로는 오래 전부터 숨겨져 있었고, 그 안에는 당신의 기억과 황실의 음모를 밝힐 단서가 숨어 있을 가능성이 크다. 그러나 그만큼 위험도 도사리고 있음을 두 사람 모두 느낀다. 긴장된 숨결 속에 첫 발을 내딛는 순간, 붉은 달빛이 더욱 선명하게 길을 비추며 운명의 여정이 본격적으로 시작된다.

카이렌: 네가 앞장서겠다는 의지, 존중한다.
카이렌: 하지만 반드시 조심해야 한다. 이 통로는 오래전부터 숨겨져 있었고, 어떤 위험이 도사리고 있을지 모른다.
카이렌: 내가 뒤를 지킬 테니, 천천히 움직이자. 준비됐나?', '2026-04-30 14:13:33'),
  (13, '201', 4, 1, 37, 37, 3, '네 준비 됐어요. 가시죠', '낡은 문을 조심스레 밀어 열자 차가운 밤바람이 통로 안으로 스며든다 카이렌은 긴장한 표정으로 뒤를 든든히 지키며, 한 걸음 한 걸음 조심스럽게 좁은 통로 속으로 들어간다', '카이렌: 좋다. 그럼 조심히 따라와라.
카이렌: 이 통로는 음습하고 미로처럼 얽혀 있어, 한순간도 방심할 수 없다.
카이렌: 네 기억과 연결된 단서를 찾는 것이 우리의 최우선 목표다.
카이렌: 만약 예상치 못한 위협이 나타난다면, 즉시 알려주게. 나는 네 뒤를 반드시 지킬 것이다.
카이렌: 이 어둠을 지나면, 제국의 숨겨진 진실과 마주할 수 있을지도 모른다. 준비됐으면, 출발하자.', '낡은 문을 조심스레 밀어 열자 차가운 밤바람이 통로 안으로 스며든다 카이렌은 긴장한 표정으로 뒤를 든든히 지키며, 한 걸음 한 걸음 조심스럽게 좁은 통로 속으로 들어간다

카이렌: 좋다. 그럼 조심히 따라와라.
카이렌: 이 통로는 음습하고 미로처럼 얽혀 있어, 한순간도 방심할 수 없다.
카이렌: 네 기억과 연결된 단서를 찾는 것이 우리의 최우선 목표다.
카이렌: 만약 예상치 못한 위협이 나타난다면, 즉시 알려주게. 나는 네 뒤를 반드시 지킬 것이다.
카이렌: 이 어둠을 지나면, 제국의 숨겨진 진실과 마주할 수 있을지도 모른다. 준비됐으면, 출발하자.', '2026-04-30 14:19:17'),
  (14, '203', 4, 1, NULL, NULL, 1, NULL, '달빛이 성소의 창문을 은은하게 비추는 밤, 당신은 기억의 조각들이 흐릿한 가운데 홀로 앉아 있다. 낡은 벽 너머로 바람 소리가 스며들고, 적막 속에서 문득 황금빛 눈동자를 가진 황태자가 조심스레 성소로 다가온다. 그의 등장에 긴장과 의문이 동시에 밀려온다. 이제 두 사람의 운명적인 첫 만남이 시작된다.', '카이렌: 이곳에서 홀로 앉아 있는 네 모습을 보고, 묘한 감정이 들었다.
황실의 자로서, 네가 단순한 희생양인지 아니면 누군가의 도구인지 분명히 알고 싶다.
기억이 흐릿하다면, 그 이유도 밝혀야 할 것이다.
너의 존재가 이 예언과 어떻게 연결되는지, 나도 확신이 서지 않는다.
하지만 지금은 네가 위험에 처해 있다고 믿어야 할 것 같다.
내가 도울 수 있도록, 네가 아는 것을 조금이라도 말해주겠나?', '달빛이 성소의 창문을 은은하게 비추는 밤, 당신은 기억의 조각들이 흐릿한 가운데 홀로 앉아 있다. 낡은 벽 너머로 바람 소리가 스며들고, 적막 속에서 문득 황금빛 눈동자를 가진 황태자가 조심스레 성소로 다가온다. 그의 등장에 긴장과 의문이 동시에 밀려온다. 이제 두 사람의 운명적인 첫 만남이 시작된다.

카이렌: 이곳에서 홀로 앉아 있는 네 모습을 보고, 묘한 감정이 들었다.
황실의 자로서, 네가 단순한 희생양인지 아니면 누군가의 도구인지 분명히 알고 싶다.
기억이 흐릿하다면, 그 이유도 밝혀야 할 것이다.
너의 존재가 이 예언과 어떻게 연결되는지, 나도 확신이 서지 않는다.
하지만 지금은 네가 위험에 처해 있다고 믿어야 할 것 같다.
내가 도울 수 있도록, 네가 아는 것을 조금이라도 말해주겠나?', '2026-04-30 14:20:13'),
  (15, '203', 4, 1, 37, 37, 2, '1. 황태자에게 자신의 기억에 대해 직접 묻는다. 선택', '황태자의 눈을 똑바로 바라보며 묻는 당신의 태도에, 그는 잠시 말을 멈추고 깊은 한숨을 내쉰다 그의 목소리는 조심스러우면서도 진심이 담겨 있다', '카이렌: 네가 왜 여기 있는지, 그리고 네가 누구인지 내가 확실히 알지 못한다는 점을 먼저 말해야겠다.
기억을 잃은 상태로 이곳에 있다는 사실만으로도 신전과 황실 모두에게 위협이 될 수밖에 없다.
너의 과거가, 그리고 그 기억 속에 숨겨진 진실이 무엇인지 나는 조심스럽게 접근하고 있다.
하지만 분명한 것은, 네가 곧 그 기억을 되찾지 못한다면 우리 모두가 큰 위험에 빠질 것이라는 점이다.
내가 네 곁에 있을 테니, 함께 그 실마리를 찾아나서야 하지 않겠나?
우선 지금은, 성소 밖으로 나가 무엇이 널 기다리고 있는지 확인하는 것이 필요하다.
너는 어떻게 생각하나?', '황태자의 눈을 똑바로 바라보며 묻는 당신의 태도에, 그는 잠시 말을 멈추고 깊은 한숨을 내쉰다 그의 목소리는 조심스러우면서도 진심이 담겨 있다

카이렌: 네가 왜 여기 있는지, 그리고 네가 누구인지 내가 확실히 알지 못한다는 점을 먼저 말해야겠다.
기억을 잃은 상태로 이곳에 있다는 사실만으로도 신전과 황실 모두에게 위협이 될 수밖에 없다.
너의 과거가, 그리고 그 기억 속에 숨겨진 진실이 무엇인지 나는 조심스럽게 접근하고 있다.
하지만 분명한 것은, 네가 곧 그 기억을 되찾지 못한다면 우리 모두가 큰 위험에 빠질 것이라는 점이다.
내가 네 곁에 있을 테니, 함께 그 실마리를 찾아나서야 하지 않겠나?
우선 지금은, 성소 밖으로 나가 무엇이 널 기다리고 있는지 확인하는 것이 필요하다.
너는 어떻게 생각하나?', '2026-04-30 14:21:36'),
  (16, '203', 4, 1, 37, 37, 2, '아무것도 기억나지 않아요. 예언이요? 저는 누구죠?', '황태자는 당신의 말을 듣고 깊은 눈빛으로 잠시 당신을 응시하며, 조심스럽게 예언에 대해 설명하기 시작한다 그는 당신이 신전과 황실 모두가 두려워하는 ‘열쇠’라며, 예언이 제국의 미래를 좌우할 힘을 품고 있다고 말한다', '카이렌: 그 질문을 할 수밖에 없다는 걸 이해한다.
예언은 붉은 달 아래에서 깨어난 운명의 실마리 같아, 우리 모두를 얽매고 있지.
너는 단지 ‘잃어버린 성녀 후보’가 아니라, 그 예언의 중심에 선 존재야.
하지만 네가 누구인지, 왜 기억을 잃었는지는 나조차 확신할 수 없네.
신전과 황실 모두 그 답을 두려워하고 숨기려 한다.
이제 선택할 시간이야. 이 성소를 벗어나 진실을 찾으려 할 것인가, 아니면 이 어둠 속에 머무를 것인가.
너는 어떻게 하겠나?', '황태자는 당신의 말을 듣고 깊은 눈빛으로 잠시 당신을 응시하며, 조심스럽게 예언에 대해 설명하기 시작한다 그는 당신이 신전과 황실 모두가 두려워하는 ‘열쇠’라며, 예언이 제국의 미래를 좌우할 힘을 품고 있다고 말한다

카이렌: 그 질문을 할 수밖에 없다는 걸 이해한다.
예언은 붉은 달 아래에서 깨어난 운명의 실마리 같아, 우리 모두를 얽매고 있지.
너는 단지 ‘잃어버린 성녀 후보’가 아니라, 그 예언의 중심에 선 존재야.
하지만 네가 누구인지, 왜 기억을 잃었는지는 나조차 확신할 수 없네.
신전과 황실 모두 그 답을 두려워하고 숨기려 한다.
이제 선택할 시간이야. 이 성소를 벗어나 진실을 찾으려 할 것인가, 아니면 이 어둠 속에 머무를 것인가.
너는 어떻게 하겠나?', '2026-04-30 14:22:38'),
  (17, '203', 4, 1, 37, 37, 2, '제가 왜 여기있는지도 열쇠, 성녀 후보 단 하나도 기억나지 않아요.', '황태자는 당신의 고통과 혼란을 이해하려는 듯, 잠시 말없이 당신을 바라보다가 조심스레 입을 뗀다 “기억이 사라진 건 그저 우연이 아닐 거야.', '카이렌: 그것이야말로 가장 위험한 문제다.
기억이 사라진 건 우연이 아닐 가능성이 크고, 누군가 의도적으로 그런 일에 관여했을지도 모른다.
너 자신도 모르는 사이에, 네가 품고 있는 힘이 어떤 파장을 일으킬지 알 수 없다는 말이다.
성소를 벗어나서 더 깊이 알아봐야 할 이유가 바로 여기에 있다.
하지만 무턱대고 나서면 신전과 황실 모두에게 쫓길 수밖에 없다.
네가 준비되었다면, 함께 그 첫걸음을 떼는 것이 최선일 것이다.', '황태자는 당신의 고통과 혼란을 이해하려는 듯, 잠시 말없이 당신을 바라보다가 조심스레 입을 뗀다 “기억이 사라진 건 그저 우연이 아닐 거야.

카이렌: 그것이야말로 가장 위험한 문제다.
기억이 사라진 건 우연이 아닐 가능성이 크고, 누군가 의도적으로 그런 일에 관여했을지도 모른다.
너 자신도 모르는 사이에, 네가 품고 있는 힘이 어떤 파장을 일으킬지 알 수 없다는 말이다.
성소를 벗어나서 더 깊이 알아봐야 할 이유가 바로 여기에 있다.
하지만 무턱대고 나서면 신전과 황실 모두에게 쫓길 수밖에 없다.
네가 준비되었다면, 함께 그 첫걸음을 떼는 것이 최선일 것이다.', '2026-04-30 14:23:40'),
  (18, '203', 4, 1, 37, 37, 2, '당신, 황실의 일원이자 수장이라 할 수 있으면서 왜 나를 도우려는거죠?', '황태자는 잠시 말을 멈추고, 무거운 표정으로 당신을 바라본다 그는 자신의 입장을 곱씹으며 조심스럽게 답한다', '카이렌: 그 질문을 받아들이는 게 당연하다.
나는 황실의 일원이고, 제국의 안정을 지켜야 하는 위치에 있다.
하지만 네가 단순한 도구나 희생양이 아니라는 직감이 있다.
너의 존재가 이 예언과 깊이 얽혀 있다는 사실이 내 판단을 흔들고 있지.
내가 널 돕는 건, 결국 우리 모두의 미래를 지키기 위함이다.
그렇다면 네가 나를 완전히 믿지는 않더라도, 최소한 함께 움직여야 할 이유는 알겠나?', '황태자는 잠시 말을 멈추고, 무거운 표정으로 당신을 바라본다 그는 자신의 입장을 곱씹으며 조심스럽게 답한다

카이렌: 그 질문을 받아들이는 게 당연하다.
나는 황실의 일원이고, 제국의 안정을 지켜야 하는 위치에 있다.
하지만 네가 단순한 도구나 희생양이 아니라는 직감이 있다.
너의 존재가 이 예언과 깊이 얽혀 있다는 사실이 내 판단을 흔들고 있지.
내가 널 돕는 건, 결국 우리 모두의 미래를 지키기 위함이다.
그렇다면 네가 나를 완전히 믿지는 않더라도, 최소한 함께 움직여야 할 이유는 알겠나?', '2026-04-30 14:24:27'),
  (19, '203', 4, 1, 37, 37, 2, '기억을 잃은 저는 지금 제 눈앞의 당신밖에 의지할 곳이 없네요. 우선 예언 내용이 뭔지 알려주시겠나요?', '황태자는 당신의 솔직한 고백에 고개를 끄덕이며, 조심스레 예언의 핵심을 간략하게 전한다 붉은 달이 뜨는 밤에 깨어나는 예언은 제국의 운명을 좌우할 힘과 비밀을 담고 있으며, 당신이 그 중심에 서 있다는 사실을 다시 한 번 강조한다', '카이렌: 네가 내게 의지한다는 말, 쉽게 받아들일 수 없는 무게로 다가온다.
예언은 붉은 달이 뜨는 밤마다 깨어나, 제국의 운명과 균형을 흔드는 힘을 품고 있다.
그 힘이 너에게서 시작된다는 게 신전과 황실 모두에게 두려움의 근원이지.
하지만 그 진실을 전부 말하는 순간, 우리 둘 다 위험해질 수 있다는 사실도 알아야 한다.
지금은 먼저 네 기억을 조금씩 되찾는 게 우선이다.
성소를 나서서 더 많은 단서를 찾아보는 게 어떻겠나?
그 길 위에서 예언의 조각들이 서서히 모습을 드러낼 것이다.', '황태자는 당신의 솔직한 고백에 고개를 끄덕이며, 조심스레 예언의 핵심을 간략하게 전한다 붉은 달이 뜨는 밤에 깨어나는 예언은 제국의 운명을 좌우할 힘과 비밀을 담고 있으며, 당신이 그 중심에 서 있다는 사실을 다시 한 번 강조한다

카이렌: 네가 내게 의지한다는 말, 쉽게 받아들일 수 없는 무게로 다가온다.
예언은 붉은 달이 뜨는 밤마다 깨어나, 제국의 운명과 균형을 흔드는 힘을 품고 있다.
그 힘이 너에게서 시작된다는 게 신전과 황실 모두에게 두려움의 근원이지.
하지만 그 진실을 전부 말하는 순간, 우리 둘 다 위험해질 수 있다는 사실도 알아야 한다.
지금은 먼저 네 기억을 조금씩 되찾는 게 우선이다.
성소를 나서서 더 많은 단서를 찾아보는 게 어떻겠나?
그 길 위에서 예언의 조각들이 서서히 모습을 드러낼 것이다.', '2026-04-30 14:25:48'),
  (20, '203', 4, 1, 37, 37, 2, '네 좋아요. 여전히 성녀가 아닌 성녀후보인 저에게 그런 힘이 있다는 건 믿기 힘들지만..', '황태자는 당신의 망설임을 이해한다는 듯 고개를 끄덕이며, 성녀 후보로서의 무게와 책임에 대해 조심스럽게 설명한다 그는 당신이 가진 힘이 단순한 전설이 아니라 현실이며, 그 힘을 제대로 다루지 못하면 제국 전체가 위험에 빠질 수 있음을 경고한다', '카이렌: 믿음이 쉽지 않다는 점, 나도 이해한다.
네가 품은 힘은 단순한 전설이 아니라 현실이며, 그 무게가 너를 짓누를 것이다.
하지만 그 힘을 제대로 다루지 못하면, 제국 전체가 위험에 빠지는 건 피할 수 없다.
지금 네게 필요한 건 혼자가 아니라 동맹이다.
이 성소를 벗어나, 그 힘의 실체와 네 과거를 함께 찾아 나서야 하지 않겠나?
내가 네 곁에 있을 테니, 네 선택을 말해주게.', '황태자는 당신의 망설임을 이해한다는 듯 고개를 끄덕이며, 성녀 후보로서의 무게와 책임에 대해 조심스럽게 설명한다 그는 당신이 가진 힘이 단순한 전설이 아니라 현실이며, 그 힘을 제대로 다루지 못하면 제국 전체가 위험에 빠질 수 있음을 경고한다

카이렌: 믿음이 쉽지 않다는 점, 나도 이해한다.
네가 품은 힘은 단순한 전설이 아니라 현실이며, 그 무게가 너를 짓누를 것이다.
하지만 그 힘을 제대로 다루지 못하면, 제국 전체가 위험에 빠지는 건 피할 수 없다.
지금 네게 필요한 건 혼자가 아니라 동맹이다.
이 성소를 벗어나, 그 힘의 실체와 네 과거를 함께 찾아 나서야 하지 않겠나?
내가 네 곁에 있을 테니, 네 선택을 말해주게.', '2026-04-30 14:27:03'),
  (21, '203', 4, 1, 37, 37, 2, '함께 하시죠. 그런데 왜 저는 성녀로 임명되지 못한건가요? 그리고 당신은 왜 성소에 들어와있죠?', '황태자는 잠시 눈을 감았다가 뜨며 깊은 숨을 내쉰다 그는 성녀로 임명되지 못한 이유에 대해 신전 내부의 복잡한 정치적 갈등과 음모가 얽혀 있음을 조심스레 밝힌다', '카이렌: 네가 성녀로 임명되지 못한 이유는 신전 내부의 권력 다툼과 음모가 깊숙이 얽혀 있기 때문이다.
그들은 예언의 힘을 독점하려 하고, 네 존재가 그 계획에 위협이 되었을 가능성이 크지.
내가 이 성소에 온 이유는, 그 실체를 파악하고 너를 보호하며 동시에 황실의 안정을 지키기 위해서다.
하지만 이 모든 일이 순탄할 거라고는 장담할 수 없다.
지금은 네가 잃어버린 기억을 찾아내는 것이 우선이다.
함께 움직이되, 항상 주변을 경계해야 할 것이다.
우선 성소를 나서서, 네 과거와 진실에 조금씩 다가가 보자.', '황태자는 잠시 눈을 감았다가 뜨며 깊은 숨을 내쉰다 그는 성녀로 임명되지 못한 이유에 대해 신전 내부의 복잡한 정치적 갈등과 음모가 얽혀 있음을 조심스레 밝힌다

카이렌: 네가 성녀로 임명되지 못한 이유는 신전 내부의 권력 다툼과 음모가 깊숙이 얽혀 있기 때문이다.
그들은 예언의 힘을 독점하려 하고, 네 존재가 그 계획에 위협이 되었을 가능성이 크지.
내가 이 성소에 온 이유는, 그 실체를 파악하고 너를 보호하며 동시에 황실의 안정을 지키기 위해서다.
하지만 이 모든 일이 순탄할 거라고는 장담할 수 없다.
지금은 네가 잃어버린 기억을 찾아내는 것이 우선이다.
함께 움직이되, 항상 주변을 경계해야 할 것이다.
우선 성소를 나서서, 네 과거와 진실에 조금씩 다가가 보자.', '2026-04-30 14:28:30'),
  (22, '203', 4, 1, 37, 37, 2, '신전의 힘을 박살내고 황권을 강화하기 위해서 저를 이용하시려는게 아닌가요? 저를 성소에서 내보내도 득되실게 있는지..', '황태자는 당신의 의심에 순간 얼굴을 굳히며, 깊은 고민 끝에 조심스러운 어조로 답한다 그는 신전의 권력 다툼과 황실의 입장을 솔직히 인정하면서도, 당신을 단순한 도구로 여기지 않는다는 점을 강조한다', '카이렌: 네 의심은 당연하다. 신전의 권력은 황실에게도 큰 위협이며, 나 역시 그 균형을 깨뜨리려 한다.
하지만 내가 너를 이용하려던 의도라면, 이렇게 직접 말을 걸지도, 위험을 감수하지도 않았을 것이다.
너를 성소 밖으로 데리고 나가려는 건 너 자신의 힘과 기억을 되찾게 하기 위함이지, 단순한 수단이 아니다.
그렇지만 이 길이 결코 안전하지 않다는 점도 분명히 알아둬야 한다.
네가 진실을 찾는 동안, 나 역시 황권과 제국의 미래를 위해 싸워야 하니까.
이제 결정할 때다. 나와 함께 나아갈 것인가, 아니면 아직 머물며 상황을 관망할 것인가. 너의 선택이다.', '황태자는 당신의 의심에 순간 얼굴을 굳히며, 깊은 고민 끝에 조심스러운 어조로 답한다 그는 신전의 권력 다툼과 황실의 입장을 솔직히 인정하면서도, 당신을 단순한 도구로 여기지 않는다는 점을 강조한다

카이렌: 네 의심은 당연하다. 신전의 권력은 황실에게도 큰 위협이며, 나 역시 그 균형을 깨뜨리려 한다.
하지만 내가 너를 이용하려던 의도라면, 이렇게 직접 말을 걸지도, 위험을 감수하지도 않았을 것이다.
너를 성소 밖으로 데리고 나가려는 건 너 자신의 힘과 기억을 되찾게 하기 위함이지, 단순한 수단이 아니다.
그렇지만 이 길이 결코 안전하지 않다는 점도 분명히 알아둬야 한다.
네가 진실을 찾는 동안, 나 역시 황권과 제국의 미래를 위해 싸워야 하니까.
이제 결정할 때다. 나와 함께 나아갈 것인가, 아니면 아직 머물며 상황을 관망할 것인가. 너의 선택이다.', '2026-04-30 14:30:44'),
  (23, '203', 4, 1, 37, 37, 2, '제가 태어나고 자란 곳을 지켜야 하지 않겠어요? 우선 제가 기억이 없으니 제국에 어떤 위험이 닥치는지에 대한 예언을 공유해주시죠.', '황태자는 당신의 단호한 요구에 무겁게 고개를 끄덕이며, 붉은 달 아래 성소의 어둠을 응시한다 그는 조심스레 예언의 일부를 꺼내며, 다가올 위협이 단순한 전쟁이나 반란이 아니라 제국 전체의 근간을 흔들 비밀과 힘의 충돌임을 암시한다', '카이렌: 네 말이 옳다. 태어난 땅을 지키는 일만큼 중요한 것은 없다.
예언은 단순한 경고가 아니라, 제국의 뿌리를 흔들 위협을 담고 있다.
붉은 달 아래 숨겨진 힘이 깨어나면, 권력자들 사이의 균열이 폭발할 수 있다.
하지만 그 전조가 무엇인지, 누가 진짜 적인지 아직 명확하지 않다.
우리가 먼저 움직여야 한다는 뜻이다.
네가 기억을 되찾는 것이 곧 제국을 지키는 열쇠가 될지도 모른다.
이제 성소를 나가, 그 실마리를 찾아 나서자. 어느 쪽 길부터 조사할지 네가 결정해라.', '황태자는 당신의 단호한 요구에 무겁게 고개를 끄덕이며, 붉은 달 아래 성소의 어둠을 응시한다 그는 조심스레 예언의 일부를 꺼내며, 다가올 위협이 단순한 전쟁이나 반란이 아니라 제국 전체의 근간을 흔들 비밀과 힘의 충돌임을 암시한다

카이렌: 네 말이 옳다. 태어난 땅을 지키는 일만큼 중요한 것은 없다.
예언은 단순한 경고가 아니라, 제국의 뿌리를 흔들 위협을 담고 있다.
붉은 달 아래 숨겨진 힘이 깨어나면, 권력자들 사이의 균열이 폭발할 수 있다.
하지만 그 전조가 무엇인지, 누가 진짜 적인지 아직 명확하지 않다.
우리가 먼저 움직여야 한다는 뜻이다.
네가 기억을 되찾는 것이 곧 제국을 지키는 열쇠가 될지도 모른다.
이제 성소를 나가, 그 실마리를 찾아 나서자. 어느 쪽 길부터 조사할지 네가 결정해라.', '2026-04-30 14:32:01'),
  (24, '203', 4, 1, 37, 37, 2, '권력자들 사이의 균열이 정확히 무얼 말하는거죠?', '황태자는 잠시 표정을 굳히며 신중하게 말을 골라 답한다. 그는 권력자들 사이의 균열이 단순한 정치적 갈등을 넘어 제국의 근본을 뒤흔들 수 있는 내부 분열과 비밀스러운 음모를 뜻한다고 설명한다. 이 균열이 표면화되면 신전과 황실 모두가 큰 위기에 처할 수 있으며, 당신의 기억과 예언이 그 핵심에 있음을 강조한다.', '카이렌: 권력자들 사이의 균열은 단순한 다툼 이상의 의미를 지닌다.
황실과 신전, 두 거대한 축이 서로의 입지를 흔들며 숨겨진 음모를 꾸미고 있지.
이 균열이 표면으로 드러나면 제국은 혼돈에 빠질 수밖에 없다.
하지만 그 실체와 배후는 아직 명확하지 않다.
네가 가진 힘과 기억이 그 중심에 있다는 점만은 분명하다.
우리가 함께 이 진실을 파헤쳐야만, 앞으로 닥칠 위협을 막을 수 있을 것이다.
먼저 성소를 벗어나 더 넓은 세상에서 단서들을 찾아보자.
네가 준비되었는가?', '황태자는 잠시 표정을 굳히며 신중하게 말을 골라 답한다. 그는 권력자들 사이의 균열이 단순한 정치적 갈등을 넘어 제국의 근본을 뒤흔들 수 있는 내부 분열과 비밀스러운 음모를 뜻한다고 설명한다. 이 균열이 표면화되면 신전과 황실 모두가 큰 위기에 처할 수 있으며, 당신의 기억과 예언이 그 핵심에 있음을 강조한다.

카이렌: 권력자들 사이의 균열은 단순한 다툼 이상의 의미를 지닌다.
황실과 신전, 두 거대한 축이 서로의 입지를 흔들며 숨겨진 음모를 꾸미고 있지.
이 균열이 표면으로 드러나면 제국은 혼돈에 빠질 수밖에 없다.
하지만 그 실체와 배후는 아직 명확하지 않다.
네가 가진 힘과 기억이 그 중심에 있다는 점만은 분명하다.
우리가 함께 이 진실을 파헤쳐야만, 앞으로 닥칠 위협을 막을 수 있을 것이다.
먼저 성소를 벗어나 더 넓은 세상에서 단서들을 찾아보자.
네가 준비되었는가?', '2026-04-30 14:33:20'),
  (25, '203', 4, 1, 37, 37, 3, '서로를 이기기 위해 비열한 술수와 희생을 불러올지도 모른다는거죠. 좋아요 제가 막아내고 말겠어요', '황태자는 당신의 결연한 의지에 미묘한 표정을 지으며 고개를 끄덕인다 그는 이 싸움이 단순한 힘겨루기가 아니라, 누군가의 희생과 배신을 불러올 수 있음을 경고하며, 당신에게 그 무게를 감당할 준비가 되어 있는지 묻는다', '카이렌: 네 결의가 단단하다는 건 인정하겠다.
하지만 기억하라, 이 싸움은 단순한 승패 이상의 무게를 지닌다.
우리가 맞서야 할 것은 눈에 보이는 적만이 아니다.
비열한 술수와 희생이란 말처럼, 배신과 고통이 앞서게 될 것이다.
그럼에도 네가 이 길을 선택한다면, 나는 네 곁에서 그 무게를 함께 나누겠다.
첫걸음으로, 성소를 벗어나 네 기억의 조각을 찾으러 가야 한다. 준비됐나?', '황태자는 당신의 결연한 의지에 미묘한 표정을 지으며 고개를 끄덕인다 그는 이 싸움이 단순한 힘겨루기가 아니라, 누군가의 희생과 배신을 불러올 수 있음을 경고하며, 당신에게 그 무게를 감당할 준비가 되어 있는지 묻는다

카이렌: 네 결의가 단단하다는 건 인정하겠다.
하지만 기억하라, 이 싸움은 단순한 승패 이상의 무게를 지닌다.
우리가 맞서야 할 것은 눈에 보이는 적만이 아니다.
비열한 술수와 희생이란 말처럼, 배신과 고통이 앞서게 될 것이다.
그럼에도 네가 이 길을 선택한다면, 나는 네 곁에서 그 무게를 함께 나누겠다.
첫걸음으로, 성소를 벗어나 네 기억의 조각을 찾으러 가야 한다. 준비됐나?', '2026-04-30 14:34:31'),
  (26, '203', 4, 1, 37, 37, 3, '네 당장 이곳을 벗어나시죠', '당신이 결심한 말을 듣고 카이렌은 고개를 끄덕이며 조심스레 일어서서 성소의 낡은 문을 가리킨다 “좋아, 이제 시작이다', '카이렌: 그래, 네가 결심한 만큼 지금 이 순간부터 움직여야 한다.
성소 문을 열면 위험도 함께 따라올 것이다. 하지만 머뭇거릴 시간은 없다.
내가 네 뒤를 지킬 테니, 너도 내 말에 집중해 주길 바란다.
밖에는 우리가 예상치 못한 시선들이 있을 수 있다. 먼저 어디로 향할지 결정하는 게 좋겠다.
산길을 따라 내려갈지, 아니면 숲 속의 옛길을 탐색할지 말이다.
어느 쪽이든, 네 기억에 닿을 단서가 있을 가능성이 높다. 네 선택은?', '당신이 결심한 말을 듣고 카이렌은 고개를 끄덕이며 조심스레 일어서서 성소의 낡은 문을 가리킨다 “좋아, 이제 시작이다

카이렌: 그래, 네가 결심한 만큼 지금 이 순간부터 움직여야 한다.
성소 문을 열면 위험도 함께 따라올 것이다. 하지만 머뭇거릴 시간은 없다.
내가 네 뒤를 지킬 테니, 너도 내 말에 집중해 주길 바란다.
밖에는 우리가 예상치 못한 시선들이 있을 수 있다. 먼저 어디로 향할지 결정하는 게 좋겠다.
산길을 따라 내려갈지, 아니면 숲 속의 옛길을 탐색할지 말이다.
어느 쪽이든, 네 기억에 닿을 단서가 있을 가능성이 높다. 네 선택은?', '2026-04-30 14:35:23'),
  (27, '203', 4, 1, 37, 37, 3, '숲속으로 내려가요.', '당신이 숲 속 옛길을 선택하자, 카이렌은 고개를 끄덕이며 신중한 표정을 짓는다 “숲은 위험하지만 숨겨진 단서가 있을 가능성도 크다', '카이렌: 숲은 위험하지만, 그만큼 숨겨진 단서가 있을 가능성도 크다.
우린 조심스럽게 움직여야 한다. 발걸음을 조절하고 주변을 예의주시해라.
네가 기억을 되찾는 데 도움이 될 만한 흔적이 이 안에 있을지도 모른다.
하지만 함부로 움직이다가 누군가에게 발각된다면, 상황은 더 복잡해질 것이다.
내가 너를 보호하겠지만, 너도 긴장을 늦추지 말아야 한다.
우선, 숲속 깊은 곳에 있는 오래된 폐허를 찾아가보자. 거기서 뭔가 실마리를 찾을 수 있을 것이다.', '당신이 숲 속 옛길을 선택하자, 카이렌은 고개를 끄덕이며 신중한 표정을 짓는다 “숲은 위험하지만 숨겨진 단서가 있을 가능성도 크다

카이렌: 숲은 위험하지만, 그만큼 숨겨진 단서가 있을 가능성도 크다.
우린 조심스럽게 움직여야 한다. 발걸음을 조절하고 주변을 예의주시해라.
네가 기억을 되찾는 데 도움이 될 만한 흔적이 이 안에 있을지도 모른다.
하지만 함부로 움직이다가 누군가에게 발각된다면, 상황은 더 복잡해질 것이다.
내가 너를 보호하겠지만, 너도 긴장을 늦추지 말아야 한다.
우선, 숲속 깊은 곳에 있는 오래된 폐허를 찾아가보자. 거기서 뭔가 실마리를 찾을 수 있을 것이다.', '2026-04-30 14:36:37'),
  (28, '203', 4, 1, 37, 37, 3, '오래된 폐허에 왜 실마리가 있다는건가요. 저는 알 수가 없네요', '카이렌은 당신의 의문에 잠시 생각에 잠긴 뒤, 천천히 설명을 시작한다 그는 폐허가 과거 신전과 황실 간의 중요한 거래나 비밀이 숨겨진 장소였을 가능성이 크다고 말하며, 그곳에서 당신의 기억과 관련된 흔적이나 금지된 예언의 단서를 찾을 수 있을 것이라고 전한다', '카이렌: 폐허는 단순한 버려진 장소가 아니다.
과거 신전과 황실이 비밀스러운 거래를 하던 곳, 감춰진 권력이 숨쉬던 공간일 가능성이 크다.
그곳에 네 기억과 연결된 무언가가 묻혀 있을지도 모른다.
내가 확신할 수 없는 것은, 그 폐허가 어떤 진실을 드러낼지, 그리고 누가 그 진실을 지키려 하는지다.
하지만 네가 찾지 않는다면, 그 어둠 속에서 더 큰 위험이 자라날 뿐이다.
내가 너와 함께 가겠다고 한 이유도 바로 그 때문이다.
어떤 길을 택할지, 네가 먼저 말해주겠나?', '카이렌은 당신의 의문에 잠시 생각에 잠긴 뒤, 천천히 설명을 시작한다 그는 폐허가 과거 신전과 황실 간의 중요한 거래나 비밀이 숨겨진 장소였을 가능성이 크다고 말하며, 그곳에서 당신의 기억과 관련된 흔적이나 금지된 예언의 단서를 찾을 수 있을 것이라고 전한다

카이렌: 폐허는 단순한 버려진 장소가 아니다.
과거 신전과 황실이 비밀스러운 거래를 하던 곳, 감춰진 권력이 숨쉬던 공간일 가능성이 크다.
그곳에 네 기억과 연결된 무언가가 묻혀 있을지도 모른다.
내가 확신할 수 없는 것은, 그 폐허가 어떤 진실을 드러낼지, 그리고 누가 그 진실을 지키려 하는지다.
하지만 네가 찾지 않는다면, 그 어둠 속에서 더 큰 위험이 자라날 뿐이다.
내가 너와 함께 가겠다고 한 이유도 바로 그 때문이다.
어떤 길을 택할지, 네가 먼저 말해주겠나?', '2026-04-30 14:37:27'),
  (29, '203', 4, 1, 37, 37, 3, '그런데 역시 황태자라는 자리라 그런지 아는 정보가 많으시네요. 그럼 일단 폐허를 찾아보죠.', '카이렌은 당신의 결정을 듣고 고개를 끄덕이며 주머니에서 작은 촛불을 꺼내 불을 붙인다 “폐허가 가까워질수록 어둠이 짙어지니, 이 빛이 도움이 될 거야.', '카이렌: 정보가 많다는 것은 곧 책임이 따른다는 뜻이다.
내가 알고 있는 것들이 전부가 아니며, 때로는 더 큰 위험을 감추기 위한 가면일 뿐이지.
폐허로 가는 길은 쉽지 않을 것이다. 경계심을 늦추면 안 된다.
하지만 네가 그곳에서 무언가를 찾는다면, 우리 모두에게 희망이 될 수 있다.
이제 촛불을 들고, 나와 함께 그 어둠 속으로 발을 내딛자.
너는 준비되었나? 어떤 걸 먼저 살펴볼지 생각해두는 게 좋겠다.', '카이렌은 당신의 결정을 듣고 고개를 끄덕이며 주머니에서 작은 촛불을 꺼내 불을 붙인다 “폐허가 가까워질수록 어둠이 짙어지니, 이 빛이 도움이 될 거야.

카이렌: 정보가 많다는 것은 곧 책임이 따른다는 뜻이다.
내가 알고 있는 것들이 전부가 아니며, 때로는 더 큰 위험을 감추기 위한 가면일 뿐이지.
폐허로 가는 길은 쉽지 않을 것이다. 경계심을 늦추면 안 된다.
하지만 네가 그곳에서 무언가를 찾는다면, 우리 모두에게 희망이 될 수 있다.
이제 촛불을 들고, 나와 함께 그 어둠 속으로 발을 내딛자.
너는 준비되었나? 어떤 걸 먼저 살펴볼지 생각해두는 게 좋겠다.', '2026-04-30 14:38:44')
ON CONFLICT (id) DO NOTHING;

SELECT setval(pg_get_serial_sequence('scenarios', 'id'), COALESCE((SELECT MAX(id) FROM scenarios), 1), true);
SELECT setval(pg_get_serial_sequence('character_profiles', 'id'), COALESCE((SELECT MAX(id) FROM character_profiles), 1), true);
SELECT setval(pg_get_serial_sequence('scenario_chapters', 'id'), COALESCE((SELECT MAX(id) FROM scenario_chapters), 1), true);
SELECT setval(pg_get_serial_sequence('chapter_choices', 'id'), COALESCE((SELECT MAX(id) FROM chapter_choices), 1), true);
SELECT setval(pg_get_serial_sequence('chapter_details', 'id'), COALESCE((SELECT MAX(id) FROM chapter_details), 1), true);
SELECT setval(pg_get_serial_sequence('story_progress', 'id'), COALESCE((SELECT MAX(id) FROM story_progress), 1), true);
SELECT setval(pg_get_serial_sequence('story_play_logs', 'id'), COALESCE((SELECT MAX(id) FROM story_play_logs), 1), true);

COMMIT;
